"Fecha","Último","Apertura","Máximo","Mínimo","% var."
"09.04.2021","3.658,00","3.629,05","3.662,50","3.629,05","0,84%"
"08.04.2021","3.627,55","3.654,59","3.656,89","3.626,03","-0,70%"
"07.04.2021","3.653,09","3.636,50","3.662,50","3.616,70","0,49%"
"06.04.2021","3.635,25","3.674,00","3.674,13","3.632,00","-1,02%"
"05.04.2021","3.672,75","3.661,70","3.676,08","3.631,29","0,51%"
"02.04.2021","3.654,20","3.661,70","3.662,06","3.653,71","0,00%"
"01.04.2021","3.654,20","3.661,70","3.665,35","3.652,63","-0,13%"
"31.03.2021","3.658,95","3.730,00","3.730,38","3.659,50","-1,83%"
"30.03.2021","3.727,25","3.718,99","3.755,00","3.713,65","0,30%"
"29.03.2021","3.716,24","3.689,89","3.719,50","3.689,89","0,79%"
"26.03.2021","3.687,14","3.668,00","3.690,60","3.640,00","0,60%"
"25.03.2021","3.665,25","3.649,40","3.669,49","3.645,10","0,51%"
"24.03.2021","3.646,65","3.619,50","3.650,50","3.608,49","0,83%"
"23.03.2021","3.616,75","3.559,40","3.620,40","3.553,94","1,67%"
"22.03.2021","3.557,40","3.558,90","3.570,00","3.554,65","0,01%"
"19.03.2021","3.556,90","3.547,10","3.568,30","3.538,03","0,33%"
"18.03.2021","3.545,10","3.571,00","3.595,00","3.538,55","-0,68%"
"17.03.2021","3.569,25","3.559,50","3.583,51","3.557,98","0,32%"
"16.03.2021","3.557,75","3.559,00","3.567,77","3.540,26","0,11%"
"15.03.2021","3.554,00","3.576,00","3.591,25","3.556,14","-0,55%"
"12.03.2021","3.573,50","3.556,00","3.589,88","3.548,57","0,56%"
"11.03.2021","3.553,50","3.552,75","3.557,06","3.515,68","0,07%"
"10.03.2021","3.551,00","3.592,50","3.594,26","3.545,38","-1,11%"
"09.03.2021","3.590,75","3.604,70","3.611,93","3.587,20","-0,34%"
"08.03.2021","3.602,95","3.635,15","3.661,85","3.600,88","-0,84%"
"05.03.2021","3.633,40","3.644,90","3.671,56","3.614,50","-0,27%"
"04.03.2021","3.643,15","3.681,09","3.681,72","3.621,50","-0,98%"
"03.03.2021","3.679,34","3.656,50","3.682,06","3.651,59","0,68%"
"02.03.2021","3.654,50","3.619,50","3.662,38","3.616,96","1,01%"
"01.03.2021","3.618,00","3.647,00","3.648,02","3.602,50","-0,73%"
"26.02.2021","3.644,50","3.610,45","3.651,95","3.603,40","1,01%"
"25.02.2021","3.607,95","3.565,00","3.612,03","3.564,00","1,28%"
"24.02.2021","3.562,50","3.594,50","3.594,50","3.562,00","-0,82%"
"23.02.2021","3.592,00","3.593,50","3.598,74","3.582,03","0,03%"
"22.02.2021","3.591,00","3.571,80","3.624,50","3.566,40","0,61%"
"19.02.2021","3.569,30","3.547,33","3.579,00","3.532,00","0,69%"
"18.02.2021","3.544,83","3.528,20","3.549,35","3.516,10","0,54%"
"17.02.2021","3.525,70","3.523,50","3.566,85","3.517,48","0,15%"
"16.02.2021","3.520,45","3.496,50","3.531,00","3.487,76","0,90%"
"15.02.2021","3.489,00","3.496,50","3.504,13","3.481,90","-0,16%"
"12.02.2021","3.494,50","3.526,50","3.540,64","3.496,00","-0,85%"
"11.02.2021","3.524,50","3.559,50","3.561,47","3.517,50","-0,93%"
"10.02.2021","3.557,75","3.576,30","3.586,50","3.541,00","-0,47%"
"09.02.2021","3.574,55","3.571,00","3.597,95","3.561,68","0,15%"
"08.02.2021","3.569,25","3.555,50","3.575,50","3.538,77","0,44%"
"05.02.2021","3.553,75","3.558,19","3.567,14","3.531,10","-0,08%"
"04.02.2021","3.556,44","3.535,71","3.577,41","3.525,87","0,64%"
"03.02.2021","3.533,83","3.529,21","3.545,27","3.510,00","0,18%"
"02.02.2021","3.527,33","3.573,00","3.573,00","3.507,50","-1,23%"
"01.02.2021","3.571,13","3.569,00","3.584,71","3.540,00","0,10%"
"29.01.2021","3.567,63","3.560,00","3.580,54","3.538,71","0,25%"
"28.01.2021","3.558,63","3.606,00","3.633,23","3.554,83","-1,26%"
"27.01.2021","3.604,13","3.613,50","3.665,91","3.605,68","-0,21%"
"26.01.2021","3.611,63","3.588,00","3.614,70","3.560,05","0,72%"
"25.01.2021","3.585,88","3.527,71","3.616,66","3.527,71","1,71%"
"22.01.2021","3.525,58","3.481,78","3.537,05","3.477,48","1,32%"
"21.01.2021","3.479,66","3.467,00","3.492,60","3.450,00","0,43%"
"20.01.2021","3.464,88","3.491,66","3.496,00","3.463,49","-0,71%"
"19.01.2021","3.489,53","3.478,00","3.508,69","3.451,05","0,39%"
"18.01.2021","3.475,88","3.462,10","3.482,84","3.461,54","0,46%"
"15.01.2021","3.459,98","3.446,44","3.480,30","3.446,44","0,45%"
"14.01.2021","3.444,31","3.476,94","3.484,40","3.445,78","-0,87%"
"13.01.2021","3.474,69","3.477,00","3.497,79","3.463,21","-0,00%"
"12.01.2021","3.474,75","3.501,00","3.504,58","3.462,60","-0,50%"
"11.01.2021","3.492,25","3.468,90","3.525,82","3.464,77","0,75%"
"08.01.2021","3.466,40","3.489,99","3.500,01","3.465,01","-0,59%"
"07.01.2021","3.486,99","3.414,55","3.495,70","3.411,84","2,19%"
"06.01.2021","3.412,30","3.444,00","3.444,63","3.409,75","-0,84%"
"05.01.2021","3.441,25","3.449,50","3.470,02","3.429,73","-0,18%"
"04.01.2021","3.447,50","3.422,00","3.453,62","3.379,71","0,97%"
"01.01.2021","3.414,50","3.422,00","3.422,00","3.422,00","0,00%"
"31.12.2020","3.414,50","3.422,00","3.436,47","3.412,51","-0,15%"
"30.12.2020","3.419,50","3.474,50","3.475,16","3.413,88","-1,51%"
"29.12.2020","3.472,00","3.500,00","3.508,23","3.471,10","-0,69%"
"28.12.2020","3.496,25","3.515,00","3.515,75","3.480,00","-0,47%"
"25.12.2020","3.512,75","3.515,00","3.515,00","3.515,00","0,00%"
"24.12.2020","3.512,75","3.500,00","3.521,64","3.479,75","0,43%"
"23.12.2020","3.497,75","3.465,00","3.502,45","3.455,00","1,01%"
"22.12.2020","3.462,75","3.431,00","3.466,00","3.423,90","0,99%"
"21.12.2020","3.428,75","3.419,50","3.474,80","3.419,50","0,34%"
"18.12.2020","3.417,25","3.414,10","3.427,95","3.410,82","0,16%"
"17.12.2020","3.411,85","3.420,61","3.421,70","3.399,80","-0,18%"
"16.12.2020","3.418,11","3.419,70","3.423,92","3.404,93","0,03%"
"15.12.2020","3.417,20","3.428,00","3.435,85","3.414,15","-0,24%"
"14.12.2020","3.425,50","3.438,10","3.439,50","3.409,00","-0,29%"
"11.12.2020","3.435,60","3.420,45","3.441,95","3.416,55","0,52%"
"10.12.2020","3.417,95","3.476,50","3.483,00","3.418,50","-1,61%"
"09.12.2020","3.474,00","3.490,50","3.496,18","3.453,70","-0,47%"
"08.12.2020","3.490,50","3.490,00","3.501,03","3.481,25","0,07%"
"07.12.2020","3.488,00","3.466,00","3.496,09","3.466,00","0,69%"
"04.12.2020","3.464,00","3.468,50","3.478,00","3.451,00","-0,07%"
"03.12.2020","3.466,50","3.522,02","3.526,48","3.468,50","-1,52%"
"02.12.2020","3.520,02","3.548,50","3.564,38","3.521,70","-0,75%"
"01.12.2020","3.546,50","3.596,25","3.597,58","3.540,60","-1,33%"
"30.11.2020","3.594,25","3.606,90","3.613,24","3.580,39","-0,30%"
"27.11.2020","3.604,90","3.617,70","3.628,50","3.604,10","-0,30%"
"26.11.2020","3.615,70","3.617,70","3.628,63","3.608,03","0,00%"
"25.11.2020","3.615,70","3.636,00","3.647,00","3.611,34","-0,50%"
"24.11.2020","3.634,00","3.647,55","3.656,07","3.629,25","-0,32%"
"23.11.2020","3.645,55","3.632,95","3.649,22","3.611,00","0,40%"
"20.11.2020","3.630,95","3.649,95","3.665,13","3.628,50","-0,47%"
"19.11.2020","3.647,95","3.643,50","3.659,13","3.637,90","0,18%"
"18.11.2020","3.641,50","3.644,50","3.659,51","3.623,69","-0,03%"
"17.11.2020","3.642,50","3.644,40","3.652,90","3.617,65","0,19%"
"16.11.2020","3.635,65","3.643,40","3.648,17","3.630,28","-0,14%"
"13.11.2020","3.640,90","3.644,05","3.651,00","3.630,68","-0,02%"
"12.11.2020","3.641,55","3.639,00","3.667,45","3.632,00","0,21%"
"11.11.2020","3.634,00","3.631,50","3.646,47","3.623,81","0,17%"
"10.11.2020","3.627,75","3.649,21","3.673,50","3.625,90","-0,53%"
"09.11.2020","3.647,08","3.723,00","3.723,93","3.622,50","-1,98%"
"06.11.2020","3.720,75","3.754,00","3.775,00","3.719,15","-0,83%"
"05.11.2020","3.751,75","3.815,82","3.819,03","3.752,00","-1,62%"
"04.11.2020","3.813,57","3.819,50","3.825,50","3.787,00","-0,10%"
"03.11.2020","3.817,50","3.869,35","3.872,23","3.811,00","-1,18%"
"02.11.2020","3.863,10","3.870,35","3.882,79","3.860,03","-0,15%"
"30.10.2020","3.868,85","3.861,25","3.873,50","3.846,97","0,24%"
"29.10.2020","3.859,75","3.830,00","3.866,00","3.828,92","0,82%"
"28.10.2020","3.828,50","3.809,60","3.854,90","3.805,70","0,55%"
"27.10.2020","3.807,60","3.814,85","3.820,15","3.797,88","-0,14%"
"26.10.2020","3.812,85","3.789,50","3.818,77","3.783,89","0,67%"
"23.10.2020","3.787,50","3.784,00","3.793,49","3.770,00","0,15%"
"22.10.2020","3.782,00","3.766,50","3.795,90","3.754,50","0,46%"
"21.10.2020","3.764,50","3.825,00","3.829,00","3.763,95","-1,53%"
"20.10.2020","3.823,00","3.844,75","3.847,43","3.816,70","-0,51%"
"19.10.2020","3.842,75","3.848,10","3.849,88","3.834,50","-0,09%"
"16.10.2020","3.846,10","3.850,25","3.852,00","3.827,68","-0,06%"
"15.10.2020","3.848,25","3.839,00","3.862,74","3.837,11","0,29%"
"14.10.2020","3.837,00","3.862,00","3.863,02","3.835,00","-0,60%"
"13.10.2020","3.860,00","3.828,00","3.864,02","3.825,92","0,95%"
"12.10.2020","3.823,50","3.828,00","3.834,86","3.825,85","0,00%"
"09.10.2020","3.823,50","3.839,50","3.839,90","3.814,95","-0,37%"
"08.10.2020","3.837,75","3.844,20","3.848,80","3.830,72","-0,12%"
"07.10.2020","3.842,45","3.833,00","3.850,00","3.808,88","0,29%"
"06.10.2020","3.831,25","3.829,59","3.845,50","3.807,03","0,09%"
"05.10.2020","3.827,84","3.872,00","3.878,24","3.827,38","-1,08%"
"02.10.2020","3.869,75","3.845,50","3.905,45","3.845,50","0,69%"
"01.10.2020","3.843,25","3.827,00","3.858,50","3.797,32","0,47%"
"30.09.2020","3.825,25","3.886,95","3.907,00","3.826,81","-1,54%"
"29.09.2020","3.885,20","3.873,00","3.896,85","3.859,17","0,36%"
"28.09.2020","3.871,25","3.887,00","3.887,47","3.830,20","-0,35%"
"25.09.2020","3.885,00","3.827,00","3.893,85","3.824,43","1,57%"
"24.09.2020","3.825,00","3.862,18","3.908,32","3.826,38","-0,75%"
"23.09.2020","3.853,75","3.827,65","3.875,10","3.823,91","0,90%"
"22.09.2020","3.819,34","3.789,50","3.841,65","3.777,77","1,03%"
"21.09.2020","3.780,23","3.730,00","3.802,48","3.728,10","1,38%"
"18.09.2020","3.728,88","3.715,11","3.739,00","3.710,59","0,41%"
"17.09.2020","3.713,80","3.687,50","3.729,00","3.686,00","0,75%"
"16.09.2020","3.686,00","3.700,10","3.720,00","3.680,16","-0,08%"
"15.09.2020","3.689,00","3.691,91","3.704,26","3.668,11","-0,00%"
"14.09.2020","3.689,13","3.705,50","3.723,50","3.667,00","-0,40%"
"11.09.2020","3.703,88","3.710,10","3.726,10","3.688,00","-0,12%"
"10.09.2020","3.708,48","3.713,91","3.716,66","3.675,00","0,08%"
"09.09.2020","3.705,34","3.739,00","3.739,38","3.708,52","-0,85%"
"08.09.2020","3.737,00","3.715,00","3.773,36","3.713,31","0,73%"
"07.09.2020","3.710,00","3.715,00","3.717,06","3.712,94","-0,09%"
"04.09.2020","3.713,38","3.691,10","3.723,00","3.671,60","0,67%"
"03.09.2020","3.688,53","3.658,00","3.696,96","3.620,71","0,89%"
"02.09.2020","3.656,00","3.679,00","3.691,77","3.641,75","-0,37%"
"01.09.2020","3.669,69","3.740,45","3.741,76","3.662,50","-1,87%"
"31.08.2020","3.739,71","3.745,50","3.767,20","3.728,57","-0,11%"
"28.08.2020","3.744,00","3.816,43","3.837,24","3.739,40","-1,85%"
"27.08.2020","3.814,46","3.839,10","3.850,00","3.805,19","-0,39%"
"26.08.2020","3.829,41","3.867,90","3.881,20","3.826,25","-0,87%"
"25.08.2020","3.863,08","3.856,50","3.888,00","3.834,57","0,25%"
"24.08.2020","3.853,44","3.836,00","3.859,00","3.808,50","0,53%"
"21.08.2020","3.833,25","3.804,00","3.848,17","3.790,77","0,80%"
"20.08.2020","3.802,66","3.757,25","3.805,21","3.757,25","1,26%"
"19.08.2020","3.755,33","3.784,75","3.795,27","3.754,80","-0,76%"
"18.08.2020","3.783,91","3.793,00","3.799,06","3.771,51","0,10%"
"17.08.2020","3.780,25","3.793,00","3.803,82","3.773,57","-0,26%"
"14.08.2020","3.790,25","3.772,00","3.796,51","3.764,35","0,75%"
"13.08.2020","3.762,03","3.758,30","3.777,00","3.745,13","0,19%"
"12.08.2020","3.755,00","3.742,99","3.763,57","3.735,36","0,62%"
"11.08.2020","3.731,83","3.777,65","3.778,79","3.735,34","-0,90%"
"10.08.2020","3.765,54","3.743,00","3.782,90","3.738,70","0,60%"
"07.08.2020","3.743,00","3.743,00","3.767,44","3.741,22","0,00%"
"06.08.2020","3.743,00","3.775,50","3.788,00","3.737,00","-0,87%"
"05.08.2020","3.776,00","3.782,00","3.786,59","3.758,90","-0,13%"
"04.08.2020","3.781,00","3.770,10","3.803,50","3.766,33","0,40%"
"03.08.2020","3.765,83","3.733,33","3.773,70","3.728,78","0,87%"
"31.07.2020","3.733,33","3.722,10","3.739,10","3.717,66","0,29%"
"30.07.2020","3.722,50","3.705,90","3.752,40","3.701,35","0,45%"
"29.07.2020","3.706,00","3.724,90","3.731,95","3.696,85","-0,48%"
"28.07.2020","3.724,00","3.675,50","3.739,65","3.672,16","1,36%"
"27.07.2020","3.674,17","3.694,00","3.694,15","3.669,30","-0,54%"
"24.07.2020","3.694,00","3.668,70","3.703,47","3.662,67","0,77%"
"23.07.2020","3.665,70","3.637,00","3.669,46","3.632,90","0,79%"
"22.07.2020","3.637,00","3.623,25","3.640,34","3.618,27","0,39%"
"21.07.2020","3.623,00","3.653,10","3.653,47","3.614,00","-0,74%"
"20.07.2020","3.650,07","3.653,10","3.658,35","3.643,54","-0,08%"
"17.07.2020","3.653,10","3.644,50","3.666,00","3.635,08","0,34%"
"16.07.2020","3.640,72","3.623,80","3.644,71","3.618,88","0,55%"
"15.07.2020","3.620,80","3.624,00","3.624,42","3.599,61","-0,09%"
"14.07.2020","3.624,00","3.620,10","3.648,96","3.616,98","0,18%"
"13.07.2020","3.617,49","3.610,00","3.623,48","3.606,00","0,21%"
"10.07.2020","3.610,00","3.623,45","3.627,12","3.604,50","-0,30%"
"09.07.2020","3.620,74","3.641,10","3.646,34","3.617,41","-0,48%"
"08.07.2020","3.638,25","3.626,10","3.642,78","3.615,50","0,34%"
"07.07.2020","3.626,00","3.636,95","3.651,93","3.623,89","-0,30%"
"06.07.2020","3.637,00","3.650,05","3.650,78","3.612,61","-0,36%"
"03.07.2020","3.650,05","3.645,99","3.656,68","3.636,05","0,12%"
"02.07.2020","3.645,50","3.715,00","3.717,25","3.643,77","-1,86%"
"01.07.2020","3.714,50","3.758,00","3.760,13","3.712,99","-1,08%"
"30.06.2020","3.755,16","3.751,00","3.782,03","3.730,65","0,07%"
"29.06.2020","3.752,66","3.751,00","3.765,48","3.743,11","0,04%"
"26.06.2020","3.751,00","3.732,00","3.771,00","3.726,93","0,52%"
"25.06.2020","3.731,50","3.729,00","3.743,34","3.726,37","0,08%"
"24.06.2020","3.728,50","3.701,50","3.731,03","3.701,22","0,77%"
"23.06.2020","3.700,00","3.727,00","3.732,97","3.694,99","-0,74%"
"22.06.2020","3.727,50","3.748,00","3.752,03","3.724,30","-0,55%"
"19.06.2020","3.748,00","3.751,20","3.754,95","3.707,99","-0,20%"
"18.06.2020","3.755,37","3.750,50","3.779,58","3.743,30","0,20%"
"17.06.2020","3.747,79","3.747,10","3.763,25","3.722,77","0,02%"
"16.06.2020","3.747,00","3.778,50","3.778,88","3.720,63","-0,86%"
"15.06.2020","3.779,43","3.778,50","3.790,00","3.772,57","0,02%"
"12.06.2020","3.778,50","3.773,00","3.782,33","3.736,96","0,23%"
"11.06.2020","3.769,89","3.673,50","3.775,51","3.668,50","2,67%"
"10.06.2020","3.672,00","3.657,50","3.691,50","3.643,00","0,49%"
"09.06.2020","3.654,16","3.609,99","3.666,24","3.603,82","1,26%"
"08.06.2020","3.608,61","3.573,20","3.613,26","3.564,00","0,99%"
"05.06.2020","3.573,20","3.588,50","3.592,37","3.542,06","-0,25%"
"04.06.2020","3.582,00","3.607,00","3.625,17","3.582,00","-0,69%"
"03.06.2020","3.607,00","3.636,44","3.647,75","3.562,29","-0,75%"
"02.06.2020","3.634,15","3.719,90","3.725,25","3.617,49","-2,23%"
"01.06.2020","3.716,90","3.730,00","3.734,00","3.702,84","-0,35%"
"29.05.2020","3.730,00","3.700,00","3.737,60","3.694,25","0,90%"
"28.05.2020","3.696,67","3.734,90","3.741,01","3.691,24","-1,02%"
"27.05.2020","3.734,90","3.730,75","3.755,39","3.726,58","0,15%"
"26.05.2020","3.729,27","3.776,03","3.781,31","3.704,71","-1,30%"
"25.05.2020","3.778,46","3.775,03","3.782,22","3.772,01","0,09%"
"22.05.2020","3.775,03","3.770,80","3.799,57","3.760,50","0,19%"
"21.05.2020","3.767,88","3.815,00","3.816,23","3.756,92","-1,20%"
"20.05.2020","3.813,54","3.836,00","3.836,00","3.791,65","-0,59%"
"19.05.2020","3.836,00","3.853,00","3.855,25","3.808,90","-0,43%"
"18.05.2020","3.852,50","3.913,00","3.914,75","3.830,10","-1,50%"
"15.05.2020","3.911,28","3.942,00","3.943,79","3.909,82","-0,73%"
"14.05.2020","3.940,06","3.913,00","3.958,30","3.905,93","0,77%"
"13.05.2020","3.910,01","3.885,00","3.915,14","3.872,28","0,75%"
"12.05.2020","3.881,01","3.898,00","3.900,33","3.871,02","-0,34%"
"11.05.2020","3.894,42","3.893,00","3.917,86","3.888,97","0,04%"
"08.05.2020","3.893,00","3.922,50","3.925,18","3.870,39","-0,71%"
"07.05.2020","3.920,90","3.963,25","3.964,42","3.914,88","-1,04%"
"06.05.2020","3.962,25","3.932,50","3.969,70","3.926,07","0,82%"
"05.05.2020","3.929,99","3.986,51","3.989,25","3.911,78","-1,39%"
"04.05.2020","3.985,31","3.959,00","4.010,64","3.958,72","0,66%"
"01.05.2020","3.959,00","3.954,50","3.965,39","3.952,82","-0,03%"
"30.04.2020","3.960,05","3.921,50","3.967,46","3.915,30","0,98%"
"29.04.2020","3.921,50","4.039,00","4.041,93","3.914,65","-2,82%"
"28.04.2020","4.035,25","4.060,20","4.063,00","4.024,69","-0,54%"
"27.04.2020","4.057,36","4.043,00","4.064,74","4.021,85","0,36%"
"24.04.2020","4.043,00","4.024,30","4.047,10","4.017,57","0,58%"
"23.04.2020","4.019,75","4.031,00","4.039,33","3.998,98","-0,26%"
"22.04.2020","4.030,21","4.049,00","4.056,44","4.012,00","-0,38%"
"21.04.2020","4.045,42","3.976,60","4.058,59","3.973,82","1,78%"
"20.04.2020","3.974,79","3.936,25","3.998,51","3.936,03","0,98%"
"17.04.2020","3.936,25","3.977,80","4.004,49","3.934,33","-0,98%"
"16.04.2020","3.975,40","3.918,85","3.983,18","3.896,92","1,50%"
"15.04.2020","3.916,48","3.850,00","3.935,09","3.844,19","1,70%"
"14.04.2020","3.851,00","3.874,00","3.878,75","3.844,30","-0,45%"
"13.04.2020","3.868,34","3.827,00","3.883,00","3.825,91","1,08%"
"10.04.2020","3.827,00","3.828,00","3.828,08","3.827,00","-0,09%"
"09.04.2020","3.830,44","3.899,00","3.901,18","3.830,44","-1,76%"
"08.04.2020","3.899,00","3.906,00","3.919,27","3.867,14","-0,18%"
"07.04.2020","3.906,00","3.981,00","3.984,46","3.884,43","-1,89%"
"06.04.2020","3.981,36","4.029,00","4.035,66","3.955,56","-1,18%"
"03.04.2020","4.029,00","4.039,60","4.047,34","3.981,19","-0,25%"
"02.04.2020","4.039,00","4.087,00","4.114,73","4.017,13","-1,17%"
"01.04.2020","4.087,00","4.059,00","4.123,18","4.054,41","0,67%"
"31.03.2020","4.060,00","4.063,29","4.075,00","4.019,13","-0,07%"
"30.03.2020","4.063,00","4.025,00","4.099,29","4.025,00","0,94%"
"27.03.2020","4.025,00","3.981,00","4.067,52","3.981,00","1,11%"
"26.03.2020","3.981,00","4.064,00","4.069,98","3.961,51","-2,09%"
"25.03.2020","4.066,00","4.111,88","4.121,46","4.062,77","-1,12%"
"24.03.2020","4.111,88","4.178,00","4.185,15","4.093,54","-1,63%"
"23.03.2020","4.180,00","4.118,00","4.204,90","4.111,26","1,51%"
"20.03.2020","4.118,00","4.089,00","4.156,19","4.034,01","0,70%"
"19.03.2020","4.089,22","4.158,00","4.220,38","4.083,05","-1,65%"
"18.03.2020","4.158,00","3.998,75","4.165,70","3.998,75","3,99%"
"17.03.2020","3.998,50","4.079,50","4.079,50","3.996,02","-2,00%"
"16.03.2020","4.080,00","4.023,00","4.169,95","4.000,38","1,22%"
"13.03.2020","4.031,00","4.034,88","4.034,88","3.900,00","0,07%"
"12.03.2020","4.028,00","3.889,25","4.068,13","3.885,44","3,51%"
"11.03.2020","3.891,50","3.766,06","3.905,20","3.766,06","3,36%"
"10.03.2020","3.765,00","3.807,51","3.833,99","3.752,52","-1,26%"
"09.03.2020","3.813,01","3.591,75","3.842,55","3.591,50","6,23%"
"06.03.2020","3.589,25","3.542,00","3.600,90","3.542,00","1,48%"
"05.03.2020","3.537,00","3.477,00","3.544,95","3.475,90","1,75%"
"04.03.2020","3.476,00","3.458,00","3.484,60","3.425,00","0,37%"
"03.03.2020","3.463,22","3.462,00","3.487,90","3.413,00","0,04%"
"02.03.2020","3.462,00","3.525,00","3.548,40","3.458,80","-1,84%"
"28.02.2020","3.527,00","3.502,50","3.550,53","3.502,50","0,71%"
"27.02.2020","3.502,00","3.458,50","3.521,81","3.458,50","1,27%"
"26.02.2020","3.458,00","3.437,50","3.464,59","3.430,60","0,63%"
"25.02.2020","3.436,50","3.430,20","3.439,55","3.410,05","0,18%"
"24.02.2020","3.430,20","3.380,00","3.442,00","3.380,00","1,46%"
"21.02.2020","3.381,00","3.404,40","3.424,80","3.369,00","-0,69%"
"20.02.2020","3.404,40","3.385,50","3.416,74","3.385,50","0,56%"
"19.02.2020","3.385,50","3.404,40","3.411,50","3.385,50","-0,54%"
"18.02.2020","3.403,90","3.397,72","3.420,14","3.391,00","0,20%"
"17.02.2020","3.397,22","3.390,50","3.400,03","3.387,30","0,17%"
"14.02.2020","3.391,50","3.377,05","3.393,90","3.366,50","0,44%"
"13.02.2020","3.376,50","3.388,50","3.409,00","3.373,51","-0,34%"
"12.02.2020","3.388,00","3.420,35","3.420,35","3.379,50","-0,95%"
"11.02.2020","3.420,35","3.456,50","3.456,50","3.417,70","-1,05%"
"10.02.2020","3.456,50","3.416,00","3.457,00","3.416,00","1,19%"
"07.02.2020","3.416,00","3.380,45","3.420,00","3.380,45","1,07%"
"06.02.2020","3.379,77","3.364,80","3.393,25","3.362,36","0,44%"
"05.02.2020","3.364,80","3.362,10","3.370,50","3.339,00","0,08%"
"04.02.2020","3.362,10","3.395,50","3.397,49","3.360,00","-0,98%"
"03.02.2020","3.395,50","3.419,00","3.421,50","3.394,35","-0,72%"
"31.01.2020","3.420,00","3.412,50","3.430,45","3.410,50","0,28%"
"30.01.2020","3.410,50","3.387,30","3.419,00","3.387,30","0,68%"
"29.01.2020","3.387,50","3.387,00","3.403,50","3.378,65","-0,16%"
"28.01.2020","3.393,00","3.400,90","3.402,40","3.384,55","-0,23%"
"27.01.2020","3.400,90","3.365,00","3.406,00","3.365,00","1,07%"
"24.01.2020","3.365,00","3.361,32","3.380,77","3.349,00","0,15%"
"23.01.2020","3.360,00","3.330,50","3.371,60","3.324,39","0,86%"
"22.01.2020","3.331,50","3.356,10","3.356,22","3.326,70","-0,73%"
"21.01.2020","3.356,10","3.332,50","3.357,89","3.332,50","0,71%"
"20.01.2020","3.332,50","3.333,25","3.333,25","3.332,50","0,00%"
"17.01.2020","3.332,50","3.325,75","3.334,00","3.307,69","0,29%"
"16.01.2020","3.322,85","3.299,65","3.328,45","3.293,00","0,78%"
"15.01.2020","3.297,00","3.287,10","3.308,00","3.282,50","0,26%"
"14.01.2020","3.288,60","3.269,25","3.290,99","3.256,05","0,55%"
"13.01.2020","3.270,75","3.272,20","3.301,30","3.268,25","-0,04%"
"10.01.2020","3.272,20","3.256,90","3.291,50","3.251,00","0,51%"
"09.01.2020","3.255,50","3.245,50","3.265,61","3.241,25","0,26%"
"08.01.2020","3.247,00","3.277,25","3.280,50","3.241,00","-0,48%"
"07.01.2020","3.262,50","3.245,71","3.266,15","3.245,71","0,50%"
"06.01.2020","3.246,21","3.252,00","3.256,32","3.242,81","-0,24%"
"03.01.2020","3.254,00","3.253,00","3.282,25","3.247,20","0,00%"
"02.01.2020","3.254,00","3.290,23","3.291,73","3.251,25","-1,01%"
"01.01.2020","3.287,23","3.287,23","3.287,23","3.287,23","0,00%"
"31.12.2019","3.287,23","3.284,76","3.287,23","3.280,00","0,08%"
"30.12.2019","3.284,76","3.299,38","3.300,24","3.263,85","-0,47%"
"27.12.2019","3.300,25","3.289,25","3.300,25","3.283,00","0,33%"
"26.12.2019","3.289,25","3.298,00","3.298,00","3.270,00","-0,32%"
"25.12.2019","3.299,84","3.296,50","3.300,44","3.296,50","0,06%"
"24.12.2019","3.298,00","3.311,51","3.314,51","3.297,00","-0,42%"
"23.12.2019","3.312,00","3.331,00","3.334,00","3.309,00","-0,62%"
"20.12.2019","3.332,50","3.314,50","3.336,23","3.311,05","0,50%"
"19.12.2019","3.316,00","3.328,00","3.333,82","3.313,00","-0,29%"
"18.12.2019","3.325,50","3.339,70","3.351,90","3.316,10","-0,50%"
"17.12.2019","3.342,09","3.351,10","3.356,05","3.335,00","-0,36%"
"16.12.2019","3.354,00","3.386,00","3.390,50","3.352,82","-0,95%"
"13.12.2019","3.386,00","3.374,50","3.389,48","3.362,00","0,42%"
"12.12.2019","3.372,00","3.377,00","3.380,42","3.359,20","-0,13%"
"11.12.2019","3.376,24","3.405,50","3.408,00","3.375,89","-0,89%"
"10.12.2019","3.406,50","3.416,80","3.429,74","3.403,77","-0,28%"
"09.12.2019","3.416,00","3.423,50","3.429,93","3.406,50","-0,25%"
"06.12.2019","3.424,50","3.458,90","3.462,40","3.408,50","-1,14%"
"05.12.2019","3.464,00","3.469,50","3.472,70","3.449,45","-0,20%"
"04.12.2019","3.471,00","3.503,90","3.507,39","3.466,45","-0,93%"
"03.12.2019","3.503,50","3.508,20","3.524,10","3.493,05","-0,01%"
"02.12.2019","3.504,00","3.516,50","3.526,70","3.484,30","-0,40%"
"29.11.2019","3.518,00","3.511,11","3.549,20","3.503,50","0,14%"
"28.11.2019","3.513,00","3.505,00","3.521,09","3.505,00","0,21%"
"27.11.2019","3.505,50","3.475,50","3.523,46","3.470,50","0,83%"
"26.11.2019","3.476,50","3.434,75","3.477,44","3.434,75","1,17%"
"25.11.2019","3.436,25","3.426,75","3.454,00","3.412,50","0,30%"
"22.11.2019","3.426,00","3.420,15","3.432,49","3.395,30","0,15%"
"21.11.2019","3.420,90","3.445,90","3.457,99","3.418,51","-0,64%"
"20.11.2019","3.443,10","3.439,10","3.460,28","3.433,70","0,09%"
"19.11.2019","3.440,10","3.442,50","3.445,50","3.421,00","-0,07%"
"18.11.2019","3.442,50","3.426,95","3.461,26","3.423,97","0,45%"
"15.11.2019","3.426,95","3.454,00","3.454,00","3.414,35","-0,78%"
"14.11.2019","3.454,00","3.428,25","3.460,25","3.428,25","0,75%"
"13.11.2019","3.428,25","3.409,95","3.454,85","3.409,95","0,54%"
"12.11.2019","3.409,95","3.337,50","3.412,00","3.337,50","2,12%"
"11.11.2019","3.339,00","3.341,00","3.341,27","3.339,00","0,00%"
"08.11.2019","3.339,00","3.319,00","3.349,34","3.319,00","0,60%"
"07.11.2019","3.319,00","3.338,15","3.341,15","3.316,50","-0,59%"
"06.11.2019","3.338,65","3.311,00","3.343,38","3.295,06","0,85%"
"05.11.2019","3.310,50","3.323,50","3.329,45","3.310,00","-0,36%"
"04.11.2019","3.322,50","3.321,00","3.331,06","3.316,14","0,03%"
"01.11.2019","3.321,50","3.380,00","3.382,29","3.321,50","-1,73%"
"31.10.2019","3.380,00","3.390,40","3.393,34","3.373,50","-0,31%"
"30.10.2019","3.390,40","3.376,05","3.395,22","3.376,00","0,43%"
"29.10.2019","3.376,00","3.383,20","3.388,85","3.374,55","-0,19%"
"28.10.2019","3.382,50","3.396,50","3.400,68","3.378,26","-0,40%"
"25.10.2019","3.396,00","3.405,00","3.407,50","3.385,55","-0,30%"
"24.10.2019","3.406,05","3.391,50","3.406,91","3.368,50","0,37%"
"23.10.2019","3.393,36","3.431,00","3.437,62","3.392,00","-1,10%"
"22.10.2019","3.431,00","3.449,00","3.451,00","3.421,20","-0,52%"
"21.10.2019","3.449,00","3.426,50","3.449,00","3.423,64","0,66%"
"18.10.2019","3.426,50","3.450,50","3.452,50","3.418,40","-0,71%"
"17.10.2019","3.451,00","3.459,00","3.475,95","3.450,00","-0,23%"
"16.10.2019","3.459,00","3.452,50","3.466,20","3.445,50","0,19%"
"15.10.2019","3.452,50","3.428,20","3.460,10","3.426,50","0,68%"
"14.10.2019","3.429,20","3.429,20","3.432,20","3.429,20","0,00%"
"11.10.2019","3.429,20","3.460,99","3.463,48","3.423,00","-0,89%"
"10.10.2019","3.459,99","3.466,80","3.472,50","3.450,00","-0,19%"
"09.10.2019","3.466,50","3.451,25","3.466,97","3.437,45","0,43%"
"08.10.2019","3.451,50","3.451,25","3.464,76","3.441,35","0,01%"
"07.10.2019","3.451,00","3.434,50","3.454,14","3.434,50","0,48%"
"04.10.2019","3.434,50","3.448,50","3.453,85","3.420,50","-0,36%"
"03.10.2019","3.447,00","3.495,75","3.498,53","3.447,00","-1,40%"
"02.10.2019","3.496,00","3.496,75","3.504,00","3.486,50","0,01%"
"01.10.2019","3.495,50","3.479,25","3.499,20","3.478,05","0,45%"
"30.09.2019","3.480,00","3.459,80","3.491,10","3.458,80","0,58%"
"27.09.2019","3.459,80","3.447,00","3.475,72","3.445,00","0,37%"
"26.09.2019","3.447,00","3.432,00","3.452,48","3.418,00","0,44%"
"25.09.2019","3.432,00","3.436,00","3.462,50","3.432,00","-0,11%"
"24.09.2019","3.435,75","3.439,25","3.443,25","3.430,30","-0,12%"
"23.09.2019","3.439,75","3.417,40","3.444,67","3.417,40","0,64%"
"20.09.2019","3.417,90","3.384,50","3.422,40","3.384,50","0,99%"
"19.09.2019","3.384,50","3.372,31","3.387,49","3.367,00","0,27%"
"18.09.2019","3.375,50","3.384,60","3.388,45","3.368,65","-0,28%"
"17.09.2019","3.385,10","3.365,48","3.388,39","3.365,48","0,61%"
"16.09.2019","3.364,50","3.363,95","3.375,19","3.347,47","0,02%"
"13.09.2019","3.363,95","3.365,50","3.370,53","3.346,50","-0,05%"
"12.09.2019","3.365,50","3.376,60","3.378,59","3.351,50","-0,31%"
"11.09.2019","3.376,10","3.361,53","3.383,45","3.356,38","0,40%"
"10.09.2019","3.362,53","3.371,70","3.390,67","3.358,02","-0,28%"
"09.09.2019","3.371,95","3.354,50","3.377,28","3.347,76","0,51%"
"06.09.2019","3.354,75","3.378,00","3.382,16","3.353,22","-0,69%"
"05.09.2019","3.378,00","3.396,70","3.398,70","3.369,20","-0,52%"
"04.09.2019","3.395,70","3.443,23","3.445,23","3.386,65","-1,38%"
"03.09.2019","3.443,23","3.440,15","3.454,47","3.421,30","0,02%"
"02.09.2019","3.442,65","3.444,65","3.453,38","3.442,23","0,00%"
"30.08.2019","3.442,65","3.439,08","3.448,27","3.410,50","0,11%"
"29.08.2019","3.439,00","3.476,05","3.495,59","3.439,00","-1,09%"
"28.08.2019","3.477,00","3.471,23","3.492,72","3.468,19","0,20%"
"27.08.2019","3.469,98","3.433,75","3.480,50","3.425,00","1,04%"
"26.08.2019","3.434,25","3.424,49","3.434,25","3.412,60","0,29%"
"23.08.2019","3.424,49","3.391,23","3.424,96","3.389,00","1,00%"
"22.08.2019","3.390,48","3.386,88","3.390,50","3.363,98","0,09%"
"21.08.2019","3.387,38","3.408,23","3.413,25","3.375,24","-0,61%"
"20.08.2019","3.408,23","3.436,38","3.456,63","3.406,83","-0,80%"
"19.08.2019","3.435,88","3.435,88","3.446,07","3.429,97","0,00%"
"16.08.2019","3.435,88","3.471,30","3.473,80","3.427,39","-1,03%"
"15.08.2019","3.471,80","3.458,68","3.473,74","3.433,95","0,38%"
"14.08.2019","3.458,68","3.412,80","3.463,25","3.412,80","1,36%"
"13.08.2019","3.412,30","3.427,03","3.449,08","3.374,50","-0,43%"
"12.08.2019","3.427,03","3.395,50","3.462,28","3.395,50","0,93%"
"09.08.2019","3.395,50","3.368,83","3.399,85","3.356,44","0,79%"
"08.08.2019","3.368,83","3.447,50","3.449,50","3.367,45","-2,28%"
"07.08.2019","3.447,59","3.427,00","3.451,74","3.427,00","0,57%"
"06.08.2019","3.428,00","3.456,45","3.458,95","3.412,53","-0,82%"
"05.08.2019","3.456,50","3.385,75","3.482,04","3.385,75","2,13%"
"02.08.2019","3.384,50","3.340,95","3.387,32","3.336,30","1,30%"
"01.08.2019","3.340,95","3.280,68","3.343,85","3.280,68","1,83%"
"31.07.2019","3.280,93","3.302,00","3.302,00","3.278,40","-0,58%"
"30.07.2019","3.300,01","3.286,91","3.306,66","3.279,66","0,50%"
"29.07.2019","3.283,62","3.241,61","3.287,91","3.231,30","1,37%"
"26.07.2019","3.239,30","3.217,40","3.242,80","3.210,00","0,68%"
"25.07.2019","3.217,40","3.199,78","3.224,45","3.194,05","0,55%"
"24.07.2019","3.199,78","3.189,33","3.208,88","3.178,31","0,34%"
"23.07.2019","3.189,00","3.178,00","3.192,75","3.178,00","0,33%"
"22.07.2019","3.178,50","3.173,58","3.182,00","3.168,50","0,12%"
"19.07.2019","3.174,58","3.178,25","3.180,81","3.164,50","-0,03%"
"18.07.2019","3.175,50","3.186,50","3.193,12","3.175,50","-0,28%"
"17.07.2019","3.184,41","3.202,61","3.203,11","3.184,41","-0,52%"
"16.07.2019","3.200,95","3.190,40","3.205,50","3.188,08","0,34%"
"15.07.2019","3.190,06","3.194,98","3.198,26","3.180,72","-0,08%"
"12.07.2019","3.192,75","3.198,85","3.200,85","3.186,38","-0,21%"
"11.07.2019","3.199,35","3.207,25","3.208,00","3.190,55","-0,18%"
"10.07.2019","3.205,06","3.219,91","3.220,24","3.205,06","-0,38%"
"09.07.2019","3.217,22","3.219,00","3.232,21","3.216,00","-0,01%"
"08.07.2019","3.217,43","3.210,89","3.220,18","3.198,76","0,16%"
"05.07.2019","3.212,18","3.194,25","3.230,32","3.194,25","0,56%"
"04.07.2019","3.194,25","3.199,00","3.201,74","3.190,06","-0,10%"
"03.07.2019","3.197,48","3.210,95","3.217,30","3.190,11","-0,39%"
"02.07.2019","3.209,86","3.205,68","3.224,98","3.195,99","0,12%"
"01.07.2019","3.206,05","3.215,61","3.215,61","3.201,78","-0,21%"
"28.06.2019","3.212,75","3.197,90","3.215,07","3.191,51","0,47%"
"27.06.2019","3.197,65","3.185,08","3.204,98","3.182,05","0,37%"
"26.06.2019","3.185,73","3.192,85","3.198,13","3.172,06","-0,12%"
"25.06.2019","3.189,53","3.189,93","3.198,93","3.178,93","-0,22%"
"24.06.2019","3.196,50","3.207,00","3.207,00","3.192,75","-0,22%"
"21.06.2019","3.203,50","3.192,98","3.204,80","3.180,53","0,39%"
"20.06.2019","3.191,00","3.241,00","3.242,50","3.190,98","-1,54%"
"19.06.2019","3.241,00","3.255,60","3.263,00","3.238,53","-0,43%"
"18.06.2019","3.255,10","3.286,23","3.287,97","3.252,53","-0,90%"
"17.06.2019","3.284,75","3.271,97","3.293,47","3.263,72","0,35%"
"14.06.2019","3.273,25","3.271,00","3.281,80","3.265,00","0,14%"
"13.06.2019","3.268,81","3.267,63","3.272,59","3.260,18","0,02%"
"12.06.2019","3.268,13","3.260,05","3.276,65","3.256,10","0,30%"
"11.06.2019","3.258,43","3.261,32","3.262,19","3.240,28","-0,03%"
"10.06.2019","3.259,31","3.269,92","3.271,17","3.251,48","-0,29%"
"07.06.2019","3.268,75","3.290,98","3.290,98","3.265,50","-0,69%"
"06.06.2019","3.291,48","3.306,50","3.308,50","3.283,47","-0,44%"
"05.06.2019","3.306,00","3.292,83","3.308,30","3.284,13","0,42%"
"04.06.2019","3.292,33","3.374,00","3.374,49","3.288,10","-2,49%"
"03.06.2019","3.376,24","3.378,86","3.383,22","3.370,35","-0,11%"
"31.05.2019","3.380,00","3.367,98","3.397,83","3.367,00","0,45%"
"30.05.2019","3.364,98","3.352,30","3.366,95","3.347,65","0,36%"
"29.05.2019","3.352,80","3.377,10","3.394,63","3.352,80","-0,70%"
"28.05.2019","3.376,60","3.359,43","3.382,50","3.346,32","0,52%"
"27.05.2019","3.359,18","3.359,18","3.359,18","3.359,05","0,00%"
"24.05.2019","3.359,18","3.377,38","3.377,38","3.350,25","-0,56%"
"23.05.2019","3.378,13","3.336,03","3.385,45","3.332,83","1,26%"
"22.05.2019","3.336,03","3.341,55","3.352,23","3.323,76","-0,15%"
"21.05.2019","3.341,05","3.352,03","3.364,09","3.330,00","-0,36%"
"20.05.2019","3.353,03","3.323,03","3.364,48","3.311,15","0,95%"
"17.05.2019","3.321,53","3.299,00","3.322,00","3.295,70","0,67%"
"16.05.2019","3.299,50","3.284,75","3.303,25","3.279,94","0,45%"
"15.05.2019","3.284,75","3.290,60","3.314,35","3.282,00","-0,19%"
"14.05.2019","3.291,10","3.305,48","3.306,73","3.274,65","-0,41%"
"13.05.2019","3.304,73","3.273,85","3.308,93","3.270,82","0,95%"
"10.05.2019","3.273,60","3.275,90","3.288,00","3.260,63","-0,10%"
"09.05.2019","3.276,90","3.293,93","3.318,83","3.273,10","-0,50%"
"08.05.2019","3.293,50","3.300,65","3.309,85","3.277,78","-0,23%"
"07.05.2019","3.301,15","3.255,75","3.302,85","3.251,94","1,41%"
"06.05.2019","3.255,25","3.237,20","3.263,35","3.237,20","0,54%"
"03.05.2019","3.237,70","3.258,50","3.258,50","3.236,93","-0,61%"
"02.05.2019","3.257,50","3.228,75","3.268,25","3.228,75","0,78%"
"01.05.2019","3.232,25","3.236,25","3.236,77","3.227,25","-0,03%"
"30.04.2019","3.233,25","3.250,03","3.254,24","3.225,01","-0,52%"
"29.04.2019","3.250,20","3.228,30","3.251,15","3.226,25","0,65%"
"26.04.2019","3.229,05","3.235,85","3.238,35","3.215,25","-0,16%"
"25.04.2019","3.234,35","3.220,03","3.246,50","3.216,51","0,38%"
"24.04.2019","3.222,03","3.180,93","3.233,00","3.177,86","1,31%"
"23.04.2019","3.180,43","3.156,38","3.189,95","3.150,50","0,76%"
"22.04.2019","3.156,38","3.148,75","3.158,00","3.140,20","0,16%"
"19.04.2019","3.151,25","3.151,25","3.159,33","3.151,00","0,00%"
"18.04.2019","3.151,25","3.160,50","3.165,53","3.151,25","-0,21%"
"17.04.2019","3.158,00","3.163,48","3.171,40","3.147,30","-0,17%"
"16.04.2019","3.163,48","3.140,43","3.172,50","3.132,50","0,75%"
"15.04.2019","3.139,93","3.115,03","3.147,35","3.109,50","0,78%"
"12.04.2019","3.115,53","3.120,55","3.121,50","3.098,00","-0,16%"
"11.04.2019","3.120,55","3.096,18","3.125,80","3.096,18","0,81%"
"10.04.2019","3.095,43","3.103,20","3.103,20","3.092,62","-0,24%"
"09.04.2019","3.102,95","3.114,75","3.118,10","3.099,13","-0,39%"
"08.04.2019","3.115,25","3.124,48","3.124,48","3.112,31","-0,30%"
"05.04.2019","3.124,48","3.129,93","3.131,28","3.120,70","-0,17%"
"04.04.2019","3.129,68","3.123,33","3.138,88","3.123,33","0,20%"
"03.04.2019","3.123,50","3.146,55","3.146,55","3.121,08","-0,72%"
"02.04.2019","3.146,05","3.142,65","3.152,83","3.131,15","0,11%"
"01.04.2019","3.142,65","3.188,03","3.188,74","3.138,01","-1,42%"
"29.03.2019","3.188,03","3.175,45","3.189,90","3.157,59","0,40%"
"28.03.2019","3.175,45","3.175,80","3.207,00","3.174,34","-0,04%"
"27.03.2019","3.176,80","3.156,90","3.200,35","3.153,75","0,66%"
"26.03.2019","3.155,90","3.128,63","3.160,15","3.126,85","0,77%"
"25.03.2019","3.131,63","3.134,30","3.139,51","3.128,63","-0,01%"
"22.03.2019","3.131,80","3.089,00","3.142,36","3.086,96","1,39%"
"21.03.2019","3.089,00","3.089,00","3.091,18","3.073,00","0,03%"
"20.03.2019","3.088,00","3.097,80","3.103,95","3.081,63","-0,32%"
"19.03.2019","3.097,80","3.100,00","3.101,50","3.089,45","-0,07%"
"18.03.2019","3.100,00","3.121,50","3.121,50","3.092,20","-0,69%"
"15.03.2019","3.121,50","3.142,00","3.144,00","3.111,03","-0,65%"
"14.03.2019","3.142,00","3.145,55","3.158,50","3.135,14","-0,11%"
"13.03.2019","3.145,55","3.148,50","3.154,94","3.131,50","-0,09%"
"12.03.2019","3.148,50","3.178,70","3.179,70","3.142,92","-0,95%"
"11.03.2019","3.178,70","3.172,80","3.182,50","3.150,80","0,15%"
"08.03.2019","3.173,80","3.142,50","3.176,00","3.142,50","0,98%"
"07.03.2019","3.143,00","3.107,45","3.147,90","3.103,81","1,19%"
"06.03.2019","3.105,95","3.098,35","3.109,40","3.096,50","0,20%"
"05.03.2019","3.099,85","3.096,95","3.105,17","3.093,86","0,14%"
"04.03.2019","3.095,45","3.096,15","3.099,80","3.087,00","-0,02%"
"01.03.2019","3.096,15","3.081,75","3.099,05","3.078,67","0,48%"
"28.02.2019","3.081,50","3.070,25","3.084,50","3.066,00","0,36%"
"27.02.2019","3.070,50","3.081,00","3.084,00","3.065,15","-0,41%"
"26.02.2019","3.083,00","3.105,00","3.112,74","3.082,40","-0,71%"
"25.02.2019","3.105,00","3.110,00","3.118,94","3.088,30","-0,11%"
"22.02.2019","3.108,50","3.124,40","3.125,00","3.105,89","-0,49%"
"21.02.2019","3.123,90","3.110,90","3.127,60","3.107,70","0,42%"
"20.02.2019","3.110,90","3.115,75","3.120,75","3.106,86","-0,16%"
"19.02.2019","3.115,75","3.133,00","3.133,00","3.111,70","-0,58%"
"18.02.2019","3.134,00","3.134,00","3.138,62","3.125,40","0,00%"
"15.02.2019","3.134,00","3.151,60","3.155,70","3.133,00","-0,54%"
"14.02.2019","3.151,10","3.141,00","3.164,45","3.137,85","0,32%"
"13.02.2019","3.141,00","3.126,50","3.144,15","3.125,22","0,47%"
"12.02.2019","3.126,25","3.138,63","3.143,50","3.120,10","-0,40%"
"11.02.2019","3.138,88","3.115,55","3.143,45","3.110,50","0,73%"
"08.02.2019","3.116,05","3.117,70","3.125,02","3.103,10","-0,05%"
"07.02.2019","3.117,70","3.106,50","3.119,20","3.101,75","0,38%"
"06.02.2019","3.106,00","3.108,99","3.119,30","3.099,15","-0,13%"
"05.02.2019","3.109,99","3.088,60","3.110,99","3.081,00","0,73%"
"04.02.2019","3.087,60","3.089,90","3.101,90","3.082,55","-0,07%"
"01.02.2019","3.089,90","3.105,25","3.116,98","3.089,40","-0,49%"
"31.01.2019","3.105,00","3.163,45","3.163,45","3.102,49","-1,84%"
"30.01.2019","3.163,20","3.154,10","3.168,50","3.147,50","0,29%"
"29.01.2019","3.154,10","3.158,00","3.166,00","3.147,00","-0,12%"
"28.01.2019","3.158,00","3.151,99","3.175,01","3.151,99","0,19%"
"25.01.2019","3.151,99","3.171,00","3.171,00","3.137,18","-0,60%"
"24.01.2019","3.171,00","3.152,65","3.173,53","3.149,65","0,61%"
"23.01.2019","3.151,90","3.144,49","3.154,20","3.137,12","0,19%"
"22.01.2019","3.145,99","3.126,50","3.146,00","3.123,38","0,62%"
"21.01.2019","3.126,50","3.124,00","3.131,00","3.124,00","0,08%"
"18.01.2019","3.124,00","3.132,55","3.134,30","3.110,06","-0,27%"
"17.01.2019","3.132,55","3.117,85","3.150,25","3.117,85","0,48%"
"16.01.2019","3.117,60","3.141,28","3.142,78","3.113,00","-0,75%"
"15.01.2019","3.141,28","3.139,60","3.151,80","3.127,10","0,05%"
"14.01.2019","3.139,60","3.138,15","3.158,78","3.132,40","0,01%"
"11.01.2019","3.139,15","3.138,40","3.164,70","3.136,17","0,05%"
"10.01.2019","3.137,65","3.136,00","3.147,80","3.118,01","0,05%"
"09.01.2019","3.136,00","3.151,20","3.151,20","3.117,01","-0,48%"
"08.01.2019","3.151,20","3.181,25","3.184,19","3.147,00","-0,97%"
"07.01.2019","3.181,99","3.193,65","3.194,65","3.181,99","-0,35%"
"04.01.2019","3.193,15","3.244,50","3.245,50","3.189,96","-1,58%"
"03.01.2019","3.244,50","3.239,00","3.260,25","3.225,27","0,17%"
"02.01.2019","3.239,00","3.246,50","3.265,49","3.235,08","-0,26%"
"01.01.2019","3.247,50","3.247,50","3.248,50","3.247,50","0,00%"
"31.12.2018","3.247,50","3.247,50","3.247,50","3.247,50","0,00%"
"28.12.2018","3.247,50","3.274,50","3.282,50","3.239,50","-0,85%"
"27.12.2018","3.275,50","3.285,00","3.285,00","3.265,50","-0,29%"
"26.12.2018","3.285,00","3.294,00","3.303,50","3.281,00","-0,30%"
"25.12.2018","3.295,00","3.295,00","3.295,00","3.295,00","0,00%"
"24.12.2018","3.295,00","3.295,50","3.297,00","3.280,55","0,03%"
"21.12.2018","3.294,00","3.270,00","3.297,30","3.263,40","0,73%"
"20.12.2018","3.270,00","3.219,27","3.270,00","3.218,50","1,59%"
"19.12.2018","3.218,77","3.205,06","3.221,75","3.202,97","0,39%"
"18.12.2018","3.206,18","3.180,88","3.209,30","3.177,70","0,82%"
"17.12.2018","3.180,00","3.195,10","3.197,00","3.174,93","-0,47%"
"14.12.2018","3.195,10","3.179,75","3.205,00","3.177,82","0,48%"
"13.12.2018","3.179,75","3.169,50","3.182,03","3.168,75","0,32%"
"12.12.2018","3.169,50","3.186,25","3.186,75","3.161,50","-0,52%"
"11.12.2018","3.186,00","3.191,30","3.192,55","3.175,65","-0,17%"
"10.12.2018","3.191,30","3.146,60","3.192,78","3.141,15","1,36%"
"07.12.2018","3.148,50","3.187,65","3.189,15","3.140,05","-1,19%"
"06.12.2018","3.186,50","3.161,50","3.195,31","3.157,82","0,84%"
"05.12.2018","3.159,86","3.178,22","3.184,52","3.154,77","-0,51%"
"04.12.2018","3.176,20","3.189,00","3.189,08","3.164,15","-0,40%"
"03.12.2018","3.189,00","3.234,50","3.235,50","3.186,81","-1,39%"
"30.11.2018","3.234,00","3.237,95","3.251,00","3.227,00","-0,15%"
"29.11.2018","3.238,95","3.268,50","3.270,53","3.230,55","-0,98%"
"28.11.2018","3.271,00","3.266,90","3.296,39","3.258,50","0,23%"
"27.11.2018","3.263,40","3.244,00","3.266,01","3.229,10","0,57%"
"26.11.2018","3.244,75","3.228,00","3.248,73","3.221,60","0,52%"
"23.11.2018","3.228,00","3.189,50","3.238,60","3.189,50","1,16%"
"22.11.2018","3.191,00","3.194,03","3.196,16","3.191,00","-0,06%"
"21.11.2018","3.192,91","3.198,72","3.204,72","3.189,45","-0,15%"
"20.11.2018","3.197,60","3.175,20","3.200,00","3.174,50","0,68%"
"19.11.2018","3.175,95","3.168,35","3.184,99","3.166,89","0,24%"
"16.11.2018","3.168,35","3.190,00","3.192,50","3.164,39","-0,68%"
"15.11.2018","3.190,00","3.204,20","3.210,35","3.185,00","-0,44%"
"14.11.2018","3.204,20","3.188,31","3.205,20","3.184,15","0,50%"
"13.11.2018","3.188,31","3.176,50","3.206,25","3.176,35","0,32%"
"12.11.2018","3.178,00","3.182,25","3.182,75","3.175,00","-0,06%"
"09.11.2018","3.180,00","3.152,58","3.185,30","3.150,30","0,86%"
"08.11.2018","3.152,95","3.129,01","3.160,01","3.127,88","0,77%"
"07.11.2018","3.129,01","3.148,51","3.150,28","3.127,53","-0,59%"
"06.11.2018","3.147,50","3.181,63","3.185,77","3.144,90","-1,08%"
"05.11.2018","3.182,00","3.187,13","3.187,50","3.181,75","-0,13%"
"02.11.2018","3.186,26","3.193,47","3.196,72","3.167,05","-0,25%"
"01.11.2018","3.194,10","3.218,88","3.221,76","3.182,05","-0,79%"
"31.10.2018","3.219,51","3.208,38","3.230,47","3.207,24","0,39%"
"30.10.2018","3.207,00","3.188,00","3.217,00","3.183,56","0,63%"
"29.10.2018","3.187,00","3.179,00","3.203,00","3.175,00","0,19%"
"26.10.2018","3.181,00","3.171,50","3.199,50","3.166,08","0,32%"
"25.10.2018","3.171,00","3.165,00","3.182,00","3.151,00","0,16%"
"24.10.2018","3.166,00","3.119,00","3.170,00","3.110,00","1,44%"
"23.10.2018","3.121,00","3.086,30","3.123,80","3.084,22","1,12%"
"22.10.2018","3.086,30","3.079,05","3.097,05","3.076,50","0,24%"
"19.10.2018","3.079,05","3.093,00","3.095,00","3.072,52","-0,42%"
"18.10.2018","3.092,00","3.067,11","3.096,00","3.064,84","0,81%"
"17.10.2018","3.067,11","3.051,25","3.069,50","3.045,51","0,50%"
"16.10.2018","3.052,00","3.091,75","3.096,00","3.049,87","-1,38%"
"15.10.2018","3.094,57","3.097,36","3.097,95","3.088,36","-0,08%"
"12.10.2018","3.097,00","3.091,40","3.106,80","3.071,00","0,21%"
"11.10.2018","3.090,65","3.095,00","3.099,75","3.078,38","-0,11%"
"10.10.2018","3.094,00","3.059,42","3.099,00","3.058,00","1,10%"
"09.10.2018","3.060,39","3.043,68","3.063,80","3.036,36","0,46%"
"08.10.2018","3.046,38","3.032,75","3.049,28","3.030,50","0,45%"
"05.10.2018","3.032,75","3.035,15","3.044,70","3.021,49","-0,07%"
"04.10.2018","3.034,78","3.016,72","3.040,72","3.015,72","0,62%"
"03.10.2018","3.016,00","3.016,30","3.018,80","3.004,55","-0,08%"
"02.10.2018","3.018,30","3.000,00","3.022,00","2.992,00","0,61%"
"01.10.2018","3.000,00","2.962,80","3.006,00","2.962,80","1,26%"
"28.09.2018","2.962,80","2.986,80","2.988,55","2.960,11","-0,79%"
"27.09.2018","2.986,53","2.998,03","3.000,47","2.979,28","-0,44%"
"26.09.2018","2.999,80","3.001,25","3.012,25","2.994,45","-0,08%"
"25.09.2018","3.002,20","2.999,69","3.010,20","2.990,85","-0,01%"
"24.09.2018","3.002,49","2.997,00","3.002,49","2.982,81","0,12%"
"21.09.2018","2.999,00","3.006,00","3.016,00","2.998,00","-0,22%"
"20.09.2018","3.005,50","3.027,95","3.030,70","3.002,19","-0,82%"
"19.09.2018","3.030,45","3.015,40","3.041,00","3.002,86","0,53%"
"18.09.2018","3.014,40","3.018,58","3.020,20","2.995,88","-0,16%"
"17.09.2018","3.019,20","3.022,88","3.024,62","3.007,88","-0,11%"
"14.09.2018","3.022,50","3.017,25","3.035,05","3.015,03","0,20%"
"13.09.2018","3.016,36","3.044,30","3.045,09","3.009,74","-0,96%"
"12.09.2018","3.045,75","3.081,70","3.083,20","3.042,28","-1,17%"
"11.09.2018","3.081,90","3.088,80","3.107,90","3.075,00","-0,21%"
"10.09.2018","3.088,30","3.058,00","3.090,75","3.044,65","0,96%"
"07.09.2018","3.059,00","3.085,38","3.094,55","3.051,10","-0,88%"
"06.09.2018","3.086,01","3.097,32","3.106,43","3.077,32","-0,35%"
"05.09.2018","3.097,00","3.091,25","3.114,16","3.083,61","0,19%"
"04.09.2018","3.091,25","3.051,06","3.100,12","3.043,71","1,24%"
"03.09.2018","3.053,50","3.051,50","3.059,00","3.050,65","0,07%"
"31.08.2018","3.051,50","3.034,50","3.082,40","3.033,88","0,63%"
"30.08.2018","3.032,25","2.999,25","3.038,45","2.997,00","1,06%"
"29.08.2018","3.000,50","2.989,75","3.018,15","2.985,30","0,39%"
"28.08.2018","2.988,75","2.940,75","2.991,90","2.930,25","1,59%"
"27.08.2018","2.942,00","2.957,50","2.958,50","2.925,35","-0,52%"
"24.08.2018","2.957,50","2.988,20","2.989,40","2.946,20","-0,99%"
"23.08.2018","2.987,20","2.960,10","2.990,50","2.957,79","0,92%"
"22.08.2018","2.960,00","2.978,20","2.980,15","2.956,60","-0,64%"
"21.08.2018","2.979,00","3.033,20","3.033,80","2.976,73","-1,77%"
"20.08.2018","3.032,68","3.034,62","3.036,62","3.025,27","-0,03%"
"17.08.2018","3.033,50","3.021,65","3.033,50","3.010,15","0,39%"
"16.08.2018","3.021,65","3.050,00","3.052,00","3.007,70","-0,91%"
"15.08.2018","3.049,50","3.014,11","3.064,05","3.014,11","1,19%"
"14.08.2018","3.013,74","3.002,97","3.013,95","2.984,82","0,31%"
"13.08.2018","3.004,35","2.945,50","3.016,40","2.944,21","2,05%"
"10.08.2018","2.944,00","2.912,80","2.950,90","2.911,52","1,08%"
"09.08.2018","2.912,50","2.911,35","2.925,25","2.911,00","0,07%"
"08.08.2018","2.910,35","2.892,25","2.917,40","2.892,25","0,50%"
"07.08.2018","2.896,00","2.904,30","2.906,75","2.895,00","-0,17%"
"06.08.2018","2.900,80","2.892,60","2.905,75","2.890,06","0,28%"
"03.08.2018","2.892,60","2.905,15","2.907,25","2.890,19","-0,44%"
"02.08.2018","2.905,50","2.896,60","2.914,25","2.896,10","0,31%"
"01.08.2018","2.896,50","2.890,10","2.901,95","2.884,40","0,21%"
"31.07.2018","2.890,50","2.872,50","2.892,60","2.872,40","0,63%"
"30.07.2018","2.872,50","2.887,50","2.888,50","2.870,26","-0,50%"
"27.07.2018","2.887,00","2.883,90","2.890,50","2.873,60","0,12%"
"26.07.2018","2.883,68","2.883,97","2.892,68","2.879,76","-0,03%"
"25.07.2018","2.884,50","2.894,00","2.895,50","2.873,42","-0,36%"
"24.07.2018","2.895,00","2.908,70","2.914,49","2.889,04","-0,45%"
"23.07.2018","2.908,20","2.868,50","2.909,30","2.868,50","1,30%"
"20.07.2018","2.871,00","2.884,35","2.885,38","2.871,00","-0,40%"
"19.07.2018","2.882,43","2.863,74","2.891,28","2.862,16","0,60%"
"18.07.2018","2.865,17","2.870,50","2.890,10","2.862,25","-0,17%"
"17.07.2018","2.870,00","2.875,50","2.889,00","2.868,28","-0,19%"
"16.07.2018","2.875,50","2.857,95","2.877,95","2.850,75","0,57%"
"13.07.2018","2.859,20","2.876,35","2.881,50","2.855,05","-0,54%"
"12.07.2018","2.874,80","2.894,75","2.896,50","2.869,74","-0,73%"
"11.07.2018","2.895,90","2.871,80","2.898,40","2.864,90","0,87%"
"10.07.2018","2.870,97","2.884,43","2.885,93","2.862,97","-0,43%"
"09.07.2018","2.883,50","2.875,53","2.892,93","2.867,58","0,33%"
"06.07.2018","2.873,95","2.877,40","2.878,90","2.858,50","-0,10%"
"05.07.2018","2.876,90","2.905,30","2.909,80","2.872,54","-1,11%"
"04.07.2018","2.909,30","2.912,80","2.913,80","2.905,50","0,04%"
"03.07.2018","2.908,15","2.930,40","2.931,70","2.896,51","-0,78%"
"02.07.2018","2.931,05","2.931,05","2.942,28","2.929,08","0,00%"
"29.06.2018","2.931,05","2.948,30","2.951,30","2.917,85","-0,63%"
"28.06.2018","2.949,68","2.948,97","2.957,57","2.934,03","0,11%"
"27.06.2018","2.946,50","2.931,15","2.948,20","2.917,05","0,55%"
"26.06.2018","2.930,50","2.916,80","2.933,75","2.902,00","0,42%"
"25.06.2018","2.918,30","2.916,50","2.943,10","2.906,63","0,06%"
"22.06.2018","2.916,50","2.952,00","2.955,50","2.909,20","-1,25%"
"21.06.2018","2.953,50","2.926,50","2.962,95","2.915,29","0,97%"
"20.06.2018","2.925,00","2.931,50","2.931,50","2.899,10","0,06%"
"19.06.2018","2.923,25","2.922,55","2.950,80","2.919,33","-0,03%"
"18.06.2018","2.924,05","2.895,50","2.932,95","2.883,72","0,99%"
"15.06.2018","2.895,50","2.863,85","2.901,00","2.861,61","1,12%"
"14.06.2018","2.863,35","2.859,75","2.867,95","2.848,76","0,17%"
"13.06.2018","2.858,50","2.862,14","2.868,40","2.845,10","-0,11%"
"12.06.2018","2.861,62","2.863,12","2.868,36","2.845,88","-0,22%"
"11.06.2018","2.868,00","2.860,80","2.868,25","2.858,30","0,33%"
"08.06.2018","2.858,55","2.850,75","2.866,50","2.839,00","0,37%"
"07.06.2018","2.848,11","2.828,45","2.855,76","2.823,07","0,64%"
"06.06.2018","2.829,95","2.852,05","2.854,10","2.818,05","-0,82%"
"05.06.2018","2.853,28","2.861,03","2.889,66","2.848,72","-0,32%"
"04.06.2018","2.862,39","2.868,91","2.876,18","2.859,39","-0,23%"
"01.06.2018","2.868,91","2.893,51","2.895,64","2.858,30","-0,74%"
"31.05.2018","2.890,35","2.876,65","2.897,33","2.874,27","0,45%"
"30.05.2018","2.877,50","2.905,40","2.907,50","2.870,15","-0,99%"
"29.05.2018","2.906,15","2.875,00","2.911,00","2.866,60","0,94%"
"28.05.2018","2.879,00","2.880,45","2.883,95","2.869,00","0,03%"
"25.05.2018","2.878,00","2.854,13","2.900,70","2.852,29","0,88%"
"24.05.2018","2.853,00","2.874,25","2.877,95","2.849,13","-0,78%"
"23.05.2018","2.875,50","2.853,80","2.881,95","2.849,00","0,80%"
"22.05.2018","2.852,80","2.876,00","2.876,50","2.842,76","-0,81%"
"21.05.2018","2.876,00","2.919,60","2.923,00","2.872,58","-1,57%"
"18.05.2018","2.922,01","2.905,43","2.945,80","2.903,84","0,59%"
"17.05.2018","2.904,90","2.863,00","2.906,46","2.858,10","1,44%"
"16.05.2018","2.863,72","2.873,97","2.889,43","2.852,07","-0,47%"
"15.05.2018","2.877,30","2.837,37","2.906,10","2.835,71","1,41%"
"14.05.2018","2.837,17","2.837,17","2.839,67","2.834,34","0,00%"
"11.05.2018","2.837,17","2.826,21","2.850,55","2.799,14","0,39%"
"10.05.2018","2.826,07","2.862,86","2.865,23","2.813,21","-1,35%"
"09.05.2018","2.864,72","2.873,20","2.875,32","2.841,20","-0,29%"
"08.05.2018","2.872,95","2.814,53","2.883,03","2.814,53","1,76%"
"07.05.2018","2.823,20","2.822,55","2.834,80","2.808,65","0,04%"
"04.05.2018","2.822,00","2.860,16","2.883,55","2.815,00","-1,34%"
"03.05.2018","2.860,31","2.832,83","2.875,36","2.831,81","0,96%"
"02.05.2018","2.833,00","2.800,89","2.842,70","2.798,29","0,98%"
"01.05.2018","2.805,47","2.803,53","2.822,89","2.803,53","-0,11%"
"30.04.2018","2.808,60","2.808,81","2.824,80","2.801,60","0,07%"
"27.04.2018","2.806,70","2.817,45","2.819,44","2.794,72","-0,37%"
"26.04.2018","2.817,01","2.812,76","2.824,80","2.794,17","0,10%"
"25.04.2018","2.814,25","2.782,31","2.831,80","2.781,20","1,10%"
"24.04.2018","2.783,60","2.815,71","2.817,51","2.773,58","-1,14%"
"23.04.2018","2.815,74","2.762,68","2.818,55","2.759,92","2,02%"
"20.04.2018","2.759,86","2.734,51","2.766,84","2.721,89","0,98%"
"19.04.2018","2.733,00","2.710,62","2.738,00","2.700,72","0,78%"
"18.04.2018","2.711,90","2.724,20","2.726,45","2.695,95","-0,51%"
"17.04.2018","2.725,70","2.726,80","2.735,75","2.718,80","-0,10%"
"16.04.2018","2.728,50","2.713,00","2.738,24","2.699,68","0,57%"
"13.04.2018","2.713,00","2.707,70","2.719,60","2.684,76","0,20%"
"12.04.2018","2.707,70","2.721,53","2.722,95","2.704,28","-0,52%"
"11.04.2018","2.721,80","2.770,74","2.772,60","2.715,79","-1,82%"
"10.04.2018","2.772,30","2.776,47","2.777,49","2.761,49","-0,17%"
"09.04.2018","2.777,00","2.793,20","2.800,10","2.774,16","-0,57%"
"06.04.2018","2.793,00","2.789,61","2.799,30","2.781,44","0,08%"
"05.04.2018","2.790,75","2.792,01","2.793,85","2.774,73","-0,08%"
"04.04.2018","2.793,00","2.778,88","2.799,44","2.777,46","0,44%"
"03.04.2018","2.780,85","2.809,55","2.810,55","2.773,95","-0,97%"
"02.04.2018","2.808,00","2.794,05","2.808,00","2.780,00","0,56%"
"30.03.2018","2.792,50","2.795,05","2.795,05","2.792,32","0,07%"
"29.03.2018","2.790,50","2.793,81","2.796,34","2.790,50","-0,09%"
"28.03.2018","2.793,05","2.785,33","2.800,72","2.770,01","0,33%"
"27.03.2018","2.783,75","2.797,25","2.802,55","2.767,27","-0,72%"
"26.03.2018","2.803,80","2.845,60","2.846,80","2.796,60","-1,41%"
"23.03.2018","2.844,00","2.860,00","2.861,30","2.840,16","-0,56%"
"22.03.2018","2.860,00","2.854,25","2.867,90","2.843,20","0,25%"
"21.03.2018","2.852,88","2.869,86","2.872,38","2.845,43","-0,62%"
"20.03.2018","2.870,75","2.857,75","2.872,95","2.850,25","0,38%"
"19.03.2018","2.860,00","2.858,50","2.864,23","2.855,00","0,12%"
"16.03.2018","2.856,50","2.845,00","2.860,00","2.842,24","0,28%"
"15.03.2018","2.848,45","2.844,15","2.866,15","2.840,05","0,19%"
"14.03.2018","2.843,00","2.851,98","2.860,50","2.839,05","-0,38%"
"13.03.2018","2.853,98","2.846,00","2.857,00","2.835,00","0,28%"
"12.03.2018","2.846,00","2.866,80","2.869,90","2.844,60","-0,74%"
"09.03.2018","2.867,30","2.876,50","2.885,30","2.859,74","-0,30%"
"08.03.2018","2.876,00","2.860,00","2.880,92","2.853,40","0,33%"
"07.03.2018","2.866,50","2.853,00","2.868,99","2.850,50","0,44%"
"06.03.2018","2.854,00","2.855,50","2.860,00","2.831,00","-0,02%"
"05.03.2018","2.854,47","2.868,82","2.876,12","2.846,82","-0,44%"
"02.03.2018","2.867,00","2.883,00","2.905,00","2.859,50","-0,57%"
"01.03.2018","2.883,50","2.867,00","2.893,38","2.854,80","0,58%"
"28.02.2018","2.866,75","2.859,25","2.874,85","2.855,61","0,32%"
"27.02.2018","2.857,50","2.841,50","2.866,50","2.838,66","0,62%"
"26.02.2018","2.840,00","2.845,00","2.860,99","2.838,40","-0,18%"
"23.02.2018","2.845,00","2.859,00","2.869,82","2.842,17","-0,50%"
"22.02.2018","2.859,25","2.877,80","2.897,80","2.857,25","-0,77%"
"21.02.2018","2.881,30","2.864,25","2.892,55","2.863,75","0,66%"
"20.02.2018","2.862,50","2.836,25","2.872,00","2.836,25","0,94%"
"19.02.2018","2.835,75","2.836,50","2.838,00","2.835,75","-0,01%"
"16.02.2018","2.836,00","2.856,20","2.872,35","2.832,00","-0,67%"
"15.02.2018","2.855,00","2.868,80","2.869,80","2.830,50","-0,51%"
"14.02.2018","2.869,50","2.904,70","2.925,50","2.866,50","-1,18%"
"13.02.2018","2.903,89","2.891,49","2.919,59","2.884,59","0,48%"
"12.02.2018","2.889,90","2.936,00","2.937,51","2.888,50","-1,74%"
"09.02.2018","2.940,99","2.887,59","2.949,47","2.881,47","1,87%"
"08.02.2018","2.887,00","2.850,40","2.889,50","2.841,01","1,28%"
"07.02.2018","2.850,40","2.829,75","2.850,50","2.816,75","0,73%"
"06.02.2018","2.829,75","2.841,50","2.872,00","2.825,00","-0,41%"
"05.02.2018","2.841,50","2.840,00","2.855,93","2.832,60","-0,02%"
"02.02.2018","2.842,00","2.796,80","2.859,34","2.794,31","1,69%"
"01.02.2018","2.794,80","2.830,40","2.830,40","2.792,65","-1,25%"
"31.01.2018","2.830,20","2.852,15","2.852,15","2.826,25","-0,77%"
"30.01.2018","2.852,15","2.836,73","2.852,15","2.819,80","0,54%"
"29.01.2018","2.836,73","2.809,30","2.854,00","2.805,80","0,81%"
"26.01.2018","2.814,00","2.790,30","2.820,20","2.779,82","0,84%"
"25.01.2018","2.790,50","2.811,85","2.812,85","2.757,79","-0,77%"
"24.01.2018","2.812,15","2.855,50","2.856,00","2.810,50","-1,51%"
"23.01.2018","2.855,16","2.853,41","2.869,95","2.847,86","0,13%"
"22.01.2018","2.851,45","2.844,10","2.861,40","2.837,00","0,19%"
"19.01.2018","2.846,10","2.846,00","2.860,50","2.845,35","0,05%"
"18.01.2018","2.844,75","2.839,70","2.846,00","2.828,25","0,05%"
"17.01.2018","2.843,45","2.868,00","2.876,80","2.840,00","-0,72%"
"16.01.2018","2.864,00","2.860,55","2.875,25","2.847,00","0,12%"
"15.01.2018","2.860,55","2.856,00","2.860,55","2.856,00","0,05%"
"12.01.2018","2.859,01","2.856,23","2.867,82","2.837,02","0,08%"
"11.01.2018","2.856,70","2.885,09","2.892,15","2.856,70","-1,11%"
"10.01.2018","2.888,84","2.910,64","2.912,74","2.888,49","-0,69%"
"09.01.2018","2.908,90","2.907,30","2.920,00","2.899,21","-0,08%"
"08.01.2018","2.911,30","2.910,30","2.913,30","2.909,10","0,17%"
"05.01.2018","2.906,30","2.886,00","2.906,50","2.882,44","0,67%"
"04.01.2018","2.887,00","2.902,00","2.908,99","2.873,05","-0,54%"
"03.01.2018","2.902,81","2.931,88","2.936,63","2.900,65","-0,96%"
"02.01.2018","2.930,82","2.980,72","2.985,61","2.929,59","-1,80%"
"01.01.2018","2.984,50","2.984,50","2.984,50","2.984,50","0,00%"
"29.12.2017","2.984,50","2.985,47","2.985,47","2.983,50","0,03%"
"28.12.2017","2.983,50","2.976,50","2.990,47","2.971,80","0,28%"
"27.12.2017","2.975,13","2.959,68","2.975,74","2.957,33","0,37%"
"26.12.2017","2.964,09","2.962,36","2.972,82","2.961,49","0,19%"
"25.12.2017","2.958,50","2.958,50","2.958,50","2.958,50","0,00%"
"22.12.2017","2.958,50","2.967,20","2.972,20","2.954,00","-0,33%"
"21.12.2017","2.968,40","2.961,18","2.977,99","2.961,18","0,28%"
"20.12.2017","2.960,00","2.967,23","2.978,60","2.955,00","-0,33%"
"19.12.2017","2.969,74","2.978,51","2.982,89","2.965,26","-0,28%"
"18.12.2017","2.978,01","3.001,80","3.001,80","2.965,69","-0,63%"
"15.12.2017","2.996,79","2.998,26","3.002,91","2.990,81","0,06%"
"14.12.2017","2.994,90","3.009,34","3.015,87","2.994,89","-0,57%"
"13.12.2017","3.012,01","3.031,84","3.031,84","3.004,84","-0,53%"
"12.12.2017","3.028,14","3.016,22","3.039,26","3.015,97","0,49%"
"11.12.2017","3.013,50","3.015,00","3.020,50","3.008,00","0,10%"
"08.12.2017","3.010,50","3.012,20","3.012,90","3.006,00","-0,02%"
"07.12.2017","3.011,20","3.011,50","3.024,00","3.006,80","0,07%"
"06.12.2017","3.008,97","2.995,08","3.015,19","2.992,05","0,45%"
"05.12.2017","2.995,35","2.994,75","3.005,15","2.990,56","0,15%"
"04.12.2017","2.990,80","2.999,91","3.003,07","2.990,80","-0,36%"
"01.12.2017","3.001,65","3.016,29","3.021,54","2.996,80","-0,45%"
"30.11.2017","3.015,30","3.009,80","3.019,51","2.998,86","0,32%"
"29.11.2017","3.005,66","2.994,86","3.013,35","2.994,65","0,35%"
"28.11.2017","2.995,26","3.007,55","3.017,09","2.992,05","-0,29%"
"27.11.2017","3.003,92","2.983,97","3.008,62","2.972,82","0,75%"
"24.11.2017","2.981,45","2.976,11","2.984,57","2.969,61","0,12%"
"23.11.2017","2.977,75","2.974,00","2.981,70","2.973,00","0,07%"
"22.11.2017","2.975,66","2.996,39","3.004,80","2.973,74","-0,61%"
"21.11.2017","2.994,00","3.016,00","3.016,00","2.991,00","-0,50%"
"20.11.2017","3.009,00","3.000,55","3.017,00","3.000,05","0,29%"
"17.11.2017","3.000,30","3.014,48","3.017,38","2.996,59","-0,46%"
"16.11.2017","3.014,14","3.033,20","3.033,20","3.010,66","-0,44%"
"15.11.2017","3.027,34","3.018,88","3.036,62","3.011,18","0,37%"
"14.11.2017","3.016,21","3.007,44","3.025,79","3.003,84","0,29%"
"13.11.2017","3.007,50","3.010,00","3.014,50","3.006,49","-0,02%"
"10.11.2017","3.008,00","3.010,30","3.014,40","2.996,88","-0,08%"
"09.11.2017","3.010,55","3.020,88","3.032,78","3.005,97","-0,28%"
"08.11.2017","3.019,00","3.034,33","3.040,51","3.010,40","-0,59%"
"07.11.2017","3.036,90","3.039,92","3.045,87","3.009,92","-0,08%"
"06.11.2017","3.039,36","3.040,56","3.044,03","3.039,36","0,06%"
"03.11.2017","3.037,50","3.029,08","3.078,50","3.022,72","0,31%"
"02.11.2017","3.028,00","3.065,00","3.082,00","3.025,77","-1,23%"
"01.11.2017","3.065,65","3.042,15","3.069,20","3.018,45","0,80%"
"31.10.2017","3.041,42","3.023,42","3.048,42","3.018,92","0,59%"
"30.10.2017","3.023,50","3.011,00","3.025,51","2.999,06","0,43%"
"27.10.2017","3.010,50","3.014,51","3.023,07","2.999,50","-0,16%"
"26.10.2017","3.015,20","2.991,38","3.017,39","2.987,68","0,52%"
"25.10.2017","2.999,55","2.979,30","3.003,34","2.971,84","0,72%"
"24.10.2017","2.978,00","2.953,00","2.979,70","2.951,00","0,86%"
"23.10.2017","2.952,60","2.938,74","2.955,10","2.933,00","0,67%"
"20.10.2017","2.933,00","2.919,75","2.940,50","2.919,00","0,48%"
"19.10.2017","2.919,00","2.925,75","2.929,93","2.913,55","-0,17%"
"18.10.2017","2.924,00","2.950,00","2.951,50","2.924,00","-0,87%"
"17.10.2017","2.949,75","2.934,20","2.951,00","2.927,00","0,54%"
"16.10.2017","2.933,80","2.935,53","2.937,20","2.930,95","0,02%"
"13.10.2017","2.933,29","2.943,86","2.944,25","2.920,36","-0,25%"
"12.10.2017","2.940,75","2.952,51","2.963,39","2.938,30","-0,44%"
"11.10.2017","2.953,78","2.958,62","2.960,97","2.949,22","-0,11%"
"10.10.2017","2.957,12","2.936,62","2.957,12","2.935,49","0,25%"
"09.10.2017","2.949,75","2.940,44","2.951,75","2.938,95","0,38%"
"06.10.2017","2.938,49","2.928,22","2.951,51","2.925,18","0,39%"
"05.10.2017","2.926,96","2.941,19","2.943,50","2.917,90","-0,34%"
"04.10.2017","2.936,91","2.958,43","2.958,43","2.936,73","-0,57%"
"03.10.2017","2.953,88","2.952,62","2.962,62","2.948,45","0,13%"
"02.10.2017","2.950,00","2.939,50","2.955,20","2.939,00","0,45%"
"29.09.2017","2.936,91","2.943,86","2.948,86","2.931,86","-0,22%"
"28.09.2017","2.943,45","2.941,50","2.946,50","2.932,30","0,23%"
"27.09.2017","2.936,80","2.926,00","2.946,80","2.923,85","0,48%"
"26.09.2017","2.922,68","2.928,30","2.938,00","2.922,68","-0,10%"
"25.09.2017","2.925,55","2.905,55","2.934,05","2.902,87","0,71%"
"22.09.2017","2.905,00","2.915,00","2.915,75","2.892,20","-0,35%"
"21.09.2017","2.915,20","2.892,15","2.921,36","2.887,57","0,83%"
"20.09.2017","2.891,15","2.894,30","2.902,90","2.885,50","-0,24%"
"19.09.2017","2.898,00","2.910,60","2.915,70","2.896,80","-0,43%"
"18.09.2017","2.910,50","2.901,05","2.917,80","2.896,60","0,50%"
"15.09.2017","2.896,00","2.903,25","2.905,30","2.892,00","-0,08%"
"14.09.2017","2.898,45","2.914,02","2.923,14","2.898,45","-0,45%"
"13.09.2017","2.911,43","2.908,43","2.916,32","2.899,82","0,10%"
"12.09.2017","2.908,53","2.922,38","2.936,82","2.905,53","-0,49%"
"11.09.2017","2.922,78","2.906,93","2.922,78","2.894,62","0,59%"
"08.09.2017","2.905,68","2.904,01","2.917,70","2.899,11","0,01%"
"07.09.2017","2.905,50","2.917,50","2.922,30","2.896,50","-0,22%"
"06.09.2017","2.912,05","2.931,35","2.938,10","2.910,85","-0,65%"
"05.09.2017","2.931,15","2.935,35","2.939,35","2.918,05","-0,07%"
"04.09.2017","2.933,25","2.934,65","2.935,65","2.930,15","0,08%"
"01.09.2017","2.931,00","2.946,25","2.948,55","2.928,05","-0,69%"
"31.08.2017","2.951,36","2.957,26","2.960,26","2.944,11","-0,08%"
"30.08.2017","2.953,80","2.934,80","2.954,70","2.923,30","0,62%"
"29.08.2017","2.935,57","2.946,12","2.954,19","2.931,03","-0,40%"
"28.08.2017","2.947,25","2.925,24","2.949,75","2.907,00","0,76%"
"25.08.2017","2.924,99","2.962,17","2.966,07","2.917,17","-1,20%"
"24.08.2017","2.960,53","2.980,47","2.981,34","2.957,51","-0,69%"
"23.08.2017","2.981,00","2.984,95","2.993,65","2.979,02","-0,10%"
"22.08.2017","2.984,07","2.986,59","2.989,53","2.980,45","-0,08%"
"21.08.2017","2.986,32","2.990,71","2.990,71","2.986,32","-0,13%"
"18.08.2017","2.990,34","2.987,47","3.009,51","2.987,47","0,00%"
"17.08.2017","2.990,34","2.966,47","2.995,86","2.964,47","0,72%"
"16.08.2017","2.968,82","2.971,68","2.977,48","2.952,98","0,19%"
"15.08.2017","2.963,20","2.967,95","2.987,45","2.960,70","-0,17%"
"14.08.2017","2.968,10","2.975,50","2.984,20","2.961,90","-0,23%"
"11.08.2017","2.975,05","2.999,00","3.011,00","2.972,23","-0,81%"
"10.08.2017","2.999,25","3.001,25","3.007,95","2.981,95","-0,09%"
"09.08.2017","3.002,03","2.997,97","3.018,28","2.988,78","0,16%"
"08.08.2017","2.997,25","2.982,11","3.001,05","2.979,05","0,52%"
"07.08.2017","2.981,86","2.988,05","2.991,30","2.981,86","-0,17%"
"04.08.2017","2.987,00","2.955,30","2.989,50","2.946,30","1,08%"
"03.08.2017","2.955,00","2.962,00","2.969,50","2.947,00","-0,38%"
"02.08.2017","2.966,22","2.972,39","2.986,47","2.959,57","-0,04%"
"01.08.2017","2.967,55","2.991,84","2.994,84","2.965,39","-0,58%"
"31.07.2017","2.985,00","3.001,00","3.012,80","2.985,00","-0,51%"
"28.07.2017","3.000,45","3.015,86","3.019,76","2.987,39","-0,52%"
"27.07.2017","3.016,03","3.027,01","3.027,57","2.994,26","-0,05%"
"26.07.2017","3.017,39","3.032,71","3.040,51","3.016,23","-0,44%"
"25.07.2017","3.030,80","3.023,59","3.033,14","3.016,09","0,05%"
"24.07.2017","3.029,14","3.015,32","3.033,88","3.014,18","0,49%"
"21.07.2017","3.014,28","3.003,00","3.019,90","2.993,60","0,50%"
"20.07.2017","2.999,26","3.005,38","3.012,93","2.994,98","-0,16%"
"19.07.2017","3.003,97","3.015,93","3.019,43","3.000,45","-0,31%"
"18.07.2017","3.013,18","3.035,72","3.041,22","3.012,52","-0,59%"
"17.07.2017","3.031,12","3.026,55","3.035,88","3.021,38","0,15%"
"14.07.2017","3.026,59","3.048,27","3.053,02","3.007,12","-0,66%"
"13.07.2017","3.046,80","3.047,00","3.056,05","3.035,00","-0,04%"
"12.07.2017","3.048,10","3.076,51","3.078,70","3.039,70","-0,89%"
"11.07.2017","3.075,50","3.063,00","3.080,30","3.055,10","0,42%"
"10.07.2017","3.062,68","3.089,07","3.098,32","3.059,24","-0,90%"
"07.07.2017","3.090,50","3.095,75","3.107,25","3.082,55","-0,18%"
"06.07.2017","3.096,00","3.084,60","3.097,50","3.074,85","0,39%"
"05.07.2017","3.084,00","3.045,80","3.085,80","3.042,00","1,18%"
"04.07.2017","3.048,15","3.048,35","3.057,45","3.044,95","0,07%"
"03.07.2017","3.046,00","3.046,90","3.046,90","3.038,00","-0,04%"
"30.06.2017","3.047,07","3.045,49","3.062,70","3.042,57","0,03%"
"29.06.2017","3.046,15","3.022,45","3.054,28","3.017,23","0,94%"
"28.06.2017","3.017,72","3.024,12","3.039,38","3.017,28","-0,35%"
"27.06.2017","3.028,47","3.024,18","3.037,59","3.011,59","0,24%"
"26.06.2017","3.021,28","3.026,32","3.027,18","3.021,28","-0,03%"
"23.06.2017","3.022,14","3.029,82","3.034,24","3.000,05","-0,14%"
"22.06.2017","3.026,39","3.060,93","3.062,12","3.020,03","-1,04%"
"21.06.2017","3.058,20","3.029,22","3.074,75","3.029,22","0,87%"
"20.06.2017","3.031,81","2.979,18","3.054,92","2.978,68","1,84%"
"19.06.2017","2.976,99","2.977,14","2.982,72","2.972,89","0,08%"
"16.06.2017","2.974,50","2.954,75","2.979,50","2.945,61","0,74%"
"15.06.2017","2.952,75","2.935,05","2.961,17","2.934,55","0,59%"
"14.06.2017","2.935,50","2.929,00","2.937,00","2.913,35","0,11%"
"13.06.2017","2.932,26","2.931,82","2.943,16","2.923,09","0,05%"
"12.06.2017","2.930,78","2.916,11","2.938,56","2.910,51","0,56%"
"09.06.2017","2.914,50","2.920,50","2.926,20","2.914,50","-0,17%"
"08.06.2017","2.919,32","2.912,66","2.925,22","2.911,32","0,13%"
"07.06.2017","2.915,53","2.897,43","2.921,93","2.894,64","0,71%"
"06.06.2017","2.894,85","2.899,15","2.899,65","2.884,88","-0,18%"
"05.06.2017","2.900,00","2.894,46","2.901,95","2.890,80","0,19%"
"02.06.2017","2.894,47","2.895,34","2.904,49","2.882,99","0,06%"
"01.06.2017","2.892,85","2.916,40","2.923,00","2.884,00","-0,80%"
"31.05.2017","2.916,25","2.917,25","2.931,75","2.912,82","-0,09%"
"30.05.2017","2.918,93","2.910,82","2.925,18","2.910,82","0,25%"
"29.05.2017","2.911,75","2.910,85","2.911,75","2.910,85","0,01%"
"26.05.2017","2.911,50","2.919,50","2.920,00","2.906,02","-0,24%"
"25.05.2017","2.918,50","2.903,48","2.922,40","2.895,30","0,39%"
"24.05.2017","2.907,11","2.908,10","2.915,13","2.898,23","-0,01%"
"23.05.2017","2.907,46","2.908,44","2.916,99","2.895,19","0,08%"
"22.05.2017","2.905,03","2.884,18","2.910,28","2.868,57","0,72%"
"19.05.2017","2.884,20","2.924,91","2.935,30","2.883,93","-1,40%"
"18.05.2017","2.925,28","2.898,41","2.952,30","2.894,84","0,94%"
"17.05.2017","2.898,00","2.877,35","2.903,35","2.872,27","0,61%"
"16.05.2017","2.880,32","2.881,97","2.889,97","2.863,22","0,03%"
"15.05.2017","2.879,35","2.920,35","2.920,85","2.875,85","-1,43%"
"12.05.2017","2.921,00","2.926,70","2.930,36","2.911,00","-0,19%"
"11.05.2017","2.926,70","2.942,00","2.950,24","2.923,80","-0,52%"
"10.05.2017","2.941,93","2.978,50","2.978,50","2.940,00","-1,18%"
"09.05.2017","2.977,12","2.962,12","2.983,62","2.947,53","0,51%"
"08.05.2017","2.962,15","2.944,55","2.970,65","2.935,95","0,62%"
"05.05.2017","2.944,00","2.982,70","2.993,75","2.941,50","-1,28%"
"04.05.2017","2.982,10","2.926,67","2.983,35","2.926,67","1,81%"
"03.05.2017","2.929,11","2.942,03","2.951,18","2.923,53","-0,37%"
"02.05.2017","2.940,00","2.941,00","2.960,50","2.935,00","-0,05%"
"01.05.2017","2.941,50","2.939,81","2.942,67","2.939,81","-0,01%"
"28.04.2017","2.941,68","2.943,36","2.965,86","2.935,55","0,03%"
"27.04.2017","2.940,75","2.930,00","2.952,00","2.928,51","0,37%"
"26.04.2017","2.930,00","2.899,20","2.936,50","2.898,00","1,03%"
"25.04.2017","2.900,03","2.870,88","2.906,78","2.870,47","1,01%"
"24.04.2017","2.871,00","2.875,50","2.878,35","2.857,21","-0,16%"
"21.04.2017","2.875,50","2.848,65","2.882,50","2.847,20","0,88%"
"20.04.2017","2.850,50","2.868,50","2.876,25","2.842,80","-0,64%"
"19.04.2017","2.869,00","2.840,50","2.874,50","2.835,40","1,00%"
"18.04.2017","2.840,50","2.852,68","2.855,50","2.825,90","-0,39%"
"17.04.2017","2.851,68","2.866,50","2.867,00","2.848,00","-0,52%"
"14.04.2017","2.866,50","2.866,63","2.869,11","2.864,63","-0,06%"
"13.04.2017","2.868,11","2.870,35","2.873,03","2.868,11","-0,08%"
"12.04.2017","2.870,55","2.875,18","2.885,18","2.865,66","-0,14%"
"11.04.2017","2.874,59","2.863,98","2.882,59","2.857,93","0,37%"
"10.04.2017","2.864,12","2.864,16","2.878,08","2.848,73","0,06%"
"07.04.2017","2.862,43","2.855,84","2.869,05","2.844,05","0,24%"
"06.04.2017","2.855,64","2.862,95","2.864,34","2.842,74","-0,15%"
"05.04.2017","2.860,00","2.862,24","2.867,21","2.848,90","-0,23%"
"04.04.2017","2.866,72","2.870,72","2.891,38","2.865,68","-0,09%"
"03.04.2017","2.869,40","2.876,44","2.878,16","2.857,16","-0,15%"
"31.03.2017","2.873,76","2.886,30","2.898,64","2.870,89","-0,45%"
"30.03.2017","2.886,75","2.879,60","2.891,10","2.870,85","0,25%"
"29.03.2017","2.879,50","2.905,82","2.909,00","2.876,81","-0,96%"
"28.03.2017","2.907,43","2.923,61","2.927,61","2.901,76","-0,53%"
"27.03.2017","2.923,00","2.898,88","2.923,25","2.895,75","0,87%"
"24.03.2017","2.897,88","2.914,82","2.919,60","2.893,50","-0,73%"
"23.03.2017","2.919,10","2.924,69","2.938,31","2.917,18","-0,07%"
"22.03.2017","2.921,25","2.922,95","2.956,31","2.907,75","0,04%"
"21.03.2017","2.920,00","2.909,90","2.923,50","2.892,20","0,25%"
"20.03.2017","2.912,85","2.919,45","2.920,85","2.907,65","-0,07%"
"17.03.2017","2.915,00","2.918,93","2.923,96","2.904,30","-0,27%"
"16.03.2017","2.922,96","2.970,53","2.976,12","2.915,23","-1,61%"
"15.03.2017","2.970,89","2.998,32","2.998,86","2.968,01","-0,96%"
"14.03.2017","2.999,55","2.988,35","3.012,30","2.983,05","0,52%"
"13.03.2017","2.984,05","2.985,85","3.001,15","2.981,55","0,05%"
"10.03.2017","2.982,53","3.000,16","3.006,61","2.965,57","-0,52%"
"09.03.2017","2.998,15","2.992,77","3.025,65","2.985,17","0,16%"
"08.03.2017","2.993,34","2.959,76","3.002,41","2.955,41","1,23%"
"07.03.2017","2.957,05","2.971,95","2.988,75","2.952,45","-0,50%"
"06.03.2017","2.971,90","2.979,70","2.983,78","2.945,50","-0,10%"
"03.03.2017","2.975,00","2.982,25","2.998,16","2.956,18","-0,09%"
"02.03.2017","2.977,55","2.938,70","2.986,85","2.933,55","1,49%"
"01.03.2017","2.933,75","2.927,75","2.947,25","2.905,55","0,14%"
"28.02.2017","2.929,55","2.896,85","2.934,85","2.891,45","1,30%"
"27.02.2017","2.892,00","2.894,40","2.905,66","2.884,00","0,09%"
"24.02.2017","2.889,50","2.870,20","2.895,96","2.864,40","0,68%"
"23.02.2017","2.869,90","2.896,10","2.897,35","2.860,80","-1,13%"
"22.02.2017","2.902,56","2.901,73","2.913,29","2.885,43","0,01%"
"21.02.2017","2.902,25","2.891,10","2.915,25","2.885,95","0,55%"
"20.02.2017","2.886,35","2.891,25","2.896,36","2.885,85","-0,01%"
"17.02.2017","2.886,50","2.860,83","2.913,50","2.857,80","0,34%"
"16.02.2017","2.876,75","2.874,85","2.889,99","2.861,35","0,06%"
"15.02.2017","2.875,05","2.863,67","2.892,75","2.860,15","0,00%"
"14.02.2017","2.875,05","2.872,95","2.886,80","2.857,45","0,04%"
"13.02.2017","2.873,80","2.857,43","2.887,89","2.852,09","0,73%"
"10.02.2017","2.852,84","2.861,57","2.876,16","2.839,68","-0,25%"
"09.02.2017","2.859,85","2.882,25","2.886,59","2.855,05","-0,84%"
"08.02.2017","2.884,05","2.854,55","2.893,05","2.843,15","0,93%"
"07.02.2017","2.857,45","2.856,95","2.885,95","2.840,25","0,00%"
"06.02.2017","2.857,45","2.854,85","2.869,45","2.844,35","0,26%"
"03.02.2017","2.850,00","2.874,00","2.885,40","2.840,00","-1,01%"
"02.02.2017","2.879,05","2.910,85","2.919,43","2.874,35","-0,90%"
"01.02.2017","2.905,20","2.916,00","2.917,50","2.895,70","-0,65%"
"31.01.2017","2.924,30","2.934,36","2.944,33","2.916,40","-0,24%"
"30.01.2017","2.931,25","2.935,83","2.948,05","2.926,35","0,00%"
"27.01.2017","2.931,18","2.941,61","2.946,32","2.924,66","-0,30%"
"26.01.2017","2.940,00","2.927,40","2.946,50","2.914,70","0,26%"
"25.01.2017","2.932,35","2.932,35","2.942,25","2.921,15","0,00%"
"24.01.2017","2.932,35","2.915,51","2.945,95","2.912,95","0,05%"
"23.01.2017","2.930,75","2.926,05","2.937,55","2.895,55","0,32%"
"20.01.2017","2.921,50","2.930,62","2.949,25","2.915,16","-0,78%"
"19.01.2017","2.944,55","2.940,85","2.953,90","2.916,75","0,31%"
"18.01.2017","2.935,57","2.916,11","2.944,43","2.914,03","0,58%"
"17.01.2017","2.918,60","2.942,92","2.946,00","2.911,70","-0,83%"
"16.01.2017","2.942,92","2.949,17","2.949,17","2.942,92","-0,07%"
"13.01.2017","2.945,00","2.924,00","2.948,84","2.918,13","0,70%"
"12.01.2017","2.924,51","2.968,93","2.969,43","2.918,43","-1,61%"
"11.01.2017","2.972,45","2.954,93","3.000,28","2.954,93","0,63%"
"10.01.2017","2.953,82","2.929,60","2.959,53","2.924,02","0,89%"
"09.01.2017","2.927,82","2.932,01","2.932,51","2.927,45","-0,06%"
"06.01.2017","2.929,50","2.932,01","2.933,01","2.909,00","-0,04%"
"05.01.2017","2.930,76","2.969,24","2.970,14","2.909,84","-1,33%"
"04.01.2017","2.970,40","2.981,50","2.982,37","2.956,80","-0,37%"
"03.01.2017","2.981,54","3.002,44","3.002,94","2.971,02","-0,68%"
"02.01.2017","3.002,00","3.002,00","3.002,00","3.001,50","0,00%"
"30.12.2016","3.002,00","3.001,50","3.002,00","3.001,50","0,00%"
"29.12.2016","3.002,00","3.026,10","3.027,60","2.988,40","-0,80%"
"28.12.2016","3.026,10","2.995,05","3.041,10","2.992,50","1,04%"
"27.12.2016","2.995,05","3.001,55","3.002,05","2.982,95","-0,16%"
"26.12.2016","3.000,00","3.000,00","3.000,00","3.000,00","0,00%"
"23.12.2016","3.000,00","2.998,00","3.005,18","2.982,85","0,08%"
"22.12.2016","2.997,50","2.995,10","3.013,89","2.975,13","0,05%"
"21.12.2016","2.996,00","2.997,00","3.002,50","2.963,40","-0,03%"
"20.12.2016","2.997,00","3.006,39","3.022,32","2.975,90","-0,36%"
"19.12.2016","3.007,84","3.009,45","3.037,45","3.007,41","-0,01%"
"16.12.2016","3.008,00","3.001,50","3.012,06","2.983,45","0,22%"
"15.12.2016","3.001,50","2.970,29","3.013,00","2.955,28","1,32%"
"14.12.2016","2.962,35","2.970,00","2.976,60","2.953,43","-0,26%"
"13.12.2016","2.970,00","2.990,00","2.998,90","2.966,91","-0,83%"
"12.12.2016","2.995,00","3.012,65","3.013,15","2.967,40","-0,42%"
"09.12.2016","3.007,65","3.003,10","3.021,35","2.989,50","0,14%"
"08.12.2016","3.003,50","3.003,91","3.004,50","3.003,50","0,00%"
"07.12.2016","3.003,41","3.002,00","3.007,03","2.971,85","0,03%"
"06.12.2016","3.002,50","3.036,50","3.051,04","2.999,85","-1,14%"
"05.12.2016","3.037,03","3.086,99","3.087,49","3.030,47","-1,55%"
"02.12.2016","3.085,00","3.074,00","3.097,95","3.041,00","0,38%"
"01.12.2016","3.073,45","3.073,95","3.097,45","3.041,78","-0,05%"
"30.11.2016","3.075,00","3.162,00","3.162,00","3.051,38","-2,72%"
"29.11.2016","3.161,00","3.151,55","3.177,38","3.151,00","0,32%"
"28.11.2016","3.151,00","3.176,00","3.177,50","3.129,93","-0,83%"
"25.11.2016","3.177,50","3.173,64","3.188,04","3.160,43","0,24%"
"24.11.2016","3.169,78","3.177,92","3.178,81","3.169,78","-0,10%"
"23.11.2016","3.173,00","3.149,15","3.208,33","3.131,99","0,69%"
"22.11.2016","3.151,24","3.149,09","3.162,07","3.117,49","0,12%"
"21.11.2016","3.147,50","3.182,70","3.182,70","3.134,15","-1,09%"
"18.11.2016","3.182,20","3.141,99","3.183,62","3.134,99","0,79%"
"17.11.2016","3.157,35","3.131,69","3.165,90","3.113,75","0,84%"
"16.11.2016","3.131,10","3.124,23","3.155,53","3.114,61","0,27%"
"15.11.2016","3.122,56","3.122,56","3.168,46","3.103,75","0,00%"
"14.11.2016","3.122,56","3.120,51","3.122,56","3.120,51","0,15%"
"11.11.2016","3.117,82","3.113,45","3.128,68","3.098,38","0,04%"
"10.11.2016","3.116,70","3.007,43","3.134,26","3.002,91","3,83%"
"09.11.2016","3.001,80","2.971,79","3.039,84","2.955,79","1,72%"
"08.11.2016","2.951,18","3.039,14","3.045,14","2.948,28","-2,90%"
"07.11.2016","3.039,29","3.063,42","3.063,42","3.039,29","-0,71%"
"04.11.2016","3.061,00","3.072,00","3.086,99","3.055,20","-0,39%"
"03.11.2016","3.073,00","3.065,99","3.088,15","3.052,66","0,09%"
"02.11.2016","3.070,17","3.050,14","3.082,43","3.049,41","0,72%"
"01.11.2016","3.048,24","3.006,95","3.048,90","2.992,09","1,44%"
"31.10.2016","3.005,00","2.983,49","3.010,90","2.980,54","0,57%"
"28.10.2016","2.988,11","2.960,70","2.991,64","2.952,45","0,93%"
"27.10.2016","2.960,47","2.969,28","2.978,18","2.955,53","-0,33%"
"26.10.2016","2.970,42","2.938,14","2.978,62","2.937,61","1,15%"
"25.10.2016","2.936,58","2.942,23","2.952,36","2.936,58","-0,03%"
"24.10.2016","2.937,39","2.935,73","2.941,96","2.923,53","0,29%"
"21.10.2016","2.928,99","2.928,43","2.956,93","2.928,24","-0,00%"
"20.10.2016","2.929,07","2.918,07","2.946,14","2.918,07","0,41%"
"19.10.2016","2.917,05","2.904,85","2.925,82","2.897,82","0,40%"
"18.10.2016","2.905,55","2.921,95","2.921,95","2.893,43","-0,49%"
"17.10.2016","2.920,00","2.922,08","2.922,08","2.919,00","-0,03%"
"14.10.2016","2.920,76","2.919,68","2.931,09","2.898,36","0,13%"
"13.10.2016","2.917,01","2.904,00","2.941,00","2.904,00","0,43%"
"12.10.2016","2.904,50","2.921,00","2.942,00","2.901,60","-0,58%"
"11.10.2016","2.921,55","2.927,14","2.934,00","2.880,68","-0,17%"
"10.10.2016","2.926,50","2.926,50","2.926,50","2.926,50","0,00%"
"07.10.2016","2.926,50","2.920,12","2.931,99","2.884,52","0,69%"
"06.10.2016","2.906,40","2.932,00","2.945,97","2.900,59","-0,84%"
"05.10.2016","2.931,00","2.975,80","2.993,45","2.924,00","-1,57%"
"04.10.2016","2.977,66","2.945,61","2.981,64","2.933,20","1,59%"
"03.10.2016","2.931,00","2.882,06","2.967,00","2.882,06","1,65%"
"30.09.2016","2.883,35","2.890,45","2.894,95","2.858,05","-0,33%"
"29.09.2016","2.892,81","2.913,70","2.913,70","2.860,20","-0,64%"
"28.09.2016","2.911,56","2.884,94","2.923,69","2.884,94","0,90%"
"27.09.2016","2.885,60","2.915,97","2.944,40","2.883,75","-1,25%"
"26.09.2016","2.922,00","2.916,99","2.925,97","2.905,50","0,07%"
"23.09.2016","2.920,00","2.883,90","2.933,00","2.877,97","1,11%"
"22.09.2016","2.888,00","2.893,00","2.900,98","2.833,32","-0,18%"
"21.09.2016","2.893,11","2.916,74","2.918,72","2.884,20","-0,77%"
"20.09.2016","2.915,52","2.925,00","2.928,57","2.900,30","-0,11%"
"19.09.2016","2.918,70","2.959,62","2.961,28","2.917,32","-1,29%"
"16.09.2016","2.956,72","2.931,08","2.975,15","2.931,08","0,93%"
"15.09.2016","2.929,50","2.951,70","2.970,20","2.921,29","-0,74%"
"14.09.2016","2.951,25","2.977,25","3.008,25","2.936,34","-0,84%"
"13.09.2016","2.976,25","2.935,85","2.996,14","2.934,85","1,38%"
"12.09.2016","2.935,60","2.919,28","2.960,00","2.919,28","0,54%"
"09.09.2016","2.919,75","2.842,35","2.920,85","2.842,35","2,63%"
"08.09.2016","2.845,00","2.860,82","2.867,50","2.828,99","-0,60%"
"07.09.2016","2.862,22","2.870,07","2.870,57","2.824,22","-0,11%"
"06.09.2016","2.865,30","2.938,28","2.938,48","2.864,48","-2,41%"
"05.09.2016","2.936,00","2.936,51","2.936,51","2.936,00","-0,01%"
"02.09.2016","2.936,20","2.988,57","2.990,50","2.936,00","-1,81%"
"01.09.2016","2.990,22","2.973,66","3.001,66","2.969,55","0,60%"
"31.08.2016","2.972,30","2.942,00","2.973,20","2.940,73","1,02%"
"30.08.2016","2.942,40","2.919,95","2.946,50","2.912,97","0,77%"
"29.08.2016","2.919,95","2.891,37","2.939,27","2.891,37","0,64%"
"26.08.2016","2.901,39","2.888,45","2.915,26","2.859,26","0,17%"
"25.08.2016","2.896,57","2.945,27","2.946,97","2.896,57","-1,60%"
"24.08.2016","2.943,80","2.923,00","2.949,20","2.916,97","0,77%"
"23.08.2016","2.921,33","2.893,15","2.925,75","2.884,22","1,06%"
"22.08.2016","2.890,68","2.857,20","2.892,72","2.853,59","1,13%"
"19.08.2016","2.858,50","2.879,50","2.892,32","2.851,12","-0,73%"
"18.08.2016","2.879,50","2.894,07","2.903,13","2.875,00","-1,07%"
"17.08.2016","2.910,60","2.902,00","2.933,50","2.901,00","0,26%"
"16.08.2016","2.903,00","2.928,00","2.930,00","2.883,28","-0,85%"
"15.08.2016","2.927,84","2.929,45","2.933,19","2.924,09","-0,09%"
"12.08.2016","2.930,45","2.888,11","2.935,93","2.867,00","1,38%"
"11.08.2016","2.890,49","2.940,55","2.968,88","2.888,11","-1,72%"
"10.08.2016","2.941,08","2.997,00","3.000,02","2.938,06","-1,44%"
"09.08.2016","2.984,16","3.009,00","3.013,19","2.959,97","-0,36%"
"08.08.2016","2.995,00","3.037,00","3.038,00","2.976,00","-1,44%"
"05.08.2016","3.038,75","3.081,00","3.081,78","3.033,47","-1,39%"
"04.08.2016","3.081,50","3.092,89","3.103,70","3.062,00","-0,40%"
"03.08.2016","3.094,00","3.101,00","3.129,52","3.085,50","-0,29%"
"02.08.2016","3.103,00","3.085,91","3.110,55","3.055,00","0,42%"
"01.08.2016","3.090,00","3.070,30","3.100,65","3.066,93","0,65%"
"29.07.2016","3.070,07","3.093,00","3.108,14","3.059,00","-0,78%"
"28.07.2016","3.094,05","3.078,31","3.109,85","3.064,40","0,37%"
"27.07.2016","3.082,55","3.061,00","3.090,95","3.041,30","0,65%"
"26.07.2016","3.062,65","3.013,95","3.080,97","3.013,00","1,58%"
"25.07.2016","3.014,95","2.949,65","3.016,00","2.949,00","2,16%"
"22.07.2016","2.951,25","2.940,00","2.957,25","2.926,62","0,30%"
"21.07.2016","2.942,50","2.927,90","2.944,50","2.904,00","0,51%"
"20.07.2016","2.927,58","2.926,73","2.930,62","2.924,56","-0,05%"
"19.07.2016","2.928,90","2.919,25","2.937,97","2.919,10","0,26%"
"18.07.2016","2.921,20","2.922,35","2.942,57","2.912,64","-0,03%"
"15.07.2016","2.922,03","2.915,97","2.940,13","2.907,09","0,20%"
"14.07.2016","2.916,20","2.938,00","2.948,53","2.910,50","-0,81%"
"13.07.2016","2.940,00","2.903,47","2.948,97","2.903,47","0,75%"
"12.07.2016","2.918,00","2.935,35","2.938,85","2.899,00","-0,58%"
"11.07.2016","2.935,09","2.932,33","2.948,63","2.901,97","0,11%"
"08.07.2016","2.932,01","2.983,32","3.005,40","2.928,47","-1,80%"
"07.07.2016","2.985,88","2.997,81","3.018,72","2.970,00","-0,49%"
"06.07.2016","3.000,65","2.966,27","3.020,81","2.965,07","0,59%"
"05.07.2016","2.983,00","2.931,91","2.983,50","2.931,91","1,71%"
"04.07.2016","2.932,91","2.931,91","2.932,91","2.931,91","-0,02%"
"01.07.2016","2.933,50","2.919,15","2.942,75","2.880,00","0,46%"
"30.06.2016","2.920,15","2.915,55","2.933,50","2.901,85","0,15%"
"29.06.2016","2.915,78","2.981,50","2.987,22","2.890,35","-2,25%"
"28.06.2016","2.982,90","3.057,00","3.058,80","2.977,97","-2,48%"
"27.06.2016","3.058,80","2.968,03","3.063,00","2.968,03","2,95%"
"24.06.2016","2.971,06","2.893,26","3.004,73","2.893,26","2,44%"
"23.06.2016","2.900,30","2.914,80","2.921,62","2.863,62","-0,61%"
"22.06.2016","2.917,97","2.969,00","2.982,85","2.915,08","-1,92%"
"21.06.2016","2.975,20","2.977,70","2.983,96","2.967,00","-0,02%"
"20.06.2016","2.975,70","3.006,30","3.010,80","2.962,47","-1,09%"
"17.06.2016","3.008,64","3.015,00","3.025,76","2.985,97","-0,24%"
"16.06.2016","3.015,90","2.976,40","3.033,97","2.973,42","1,28%"
"15.06.2016","2.977,65","3.003,00","3.023,15","2.972,00","-0,93%"
"14.06.2016","3.005,68","2.995,00","3.024,76","2.974,97","0,31%"
"13.06.2016","2.996,41","2.970,00","3.008,69","2.970,00","0,84%"
"10.06.2016","2.971,45","2.938,30","2.979,80","2.936,07","1,14%"
"09.06.2016","2.937,84","2.907,07","2.960,51","2.900,12","0,49%"
"08.06.2016","2.923,38","2.938,06","2.961,18","2.884,00","-0,63%"
"07.06.2016","2.942,00","3.019,00","3.020,85","2.936,10","-2,54%"
"06.06.2016","3.018,64","3.019,00","3.022,66","3.014,62","-0,05%"
"03.06.2016","3.020,00","3.097,97","3.099,12","2.990,00","-2,11%"
"02.06.2016","3.085,23","3.111,97","3.130,08","3.082,15","-0,93%"
"01.06.2016","3.114,10","3.090,00","3.125,50","3.081,07","0,78%"
"31.05.2016","3.090,07","3.061,30","3.092,55","3.061,30","0,91%"
"30.05.2016","3.062,30","3.061,30","3.062,30","3.061,30","-0,22%"
"27.05.2016","3.069,00","3.051,85","3.074,07","3.048,52","0,53%"
"26.05.2016","3.052,85","3.052,07","3.066,67","3.046,15","-0,25%"
"25.05.2016","3.060,50","3.062,75","3.066,48","3.051,47","-0,11%"
"24.05.2016","3.063,75","3.060,50","3.067,27","3.050,47","0,09%"
"23.05.2016","3.061,10","3.048,60","3.063,90","3.047,95","0,30%"
"20.05.2016","3.051,98","3.056,15","3.060,03","3.041,60","-0,15%"
"19.05.2016","3.056,57","3.034,97","3.071,77","3.022,47","1,03%"
"18.05.2016","3.025,33","3.011,70","3.049,14","3.004,60","0,40%"
"17.05.2016","3.013,34","3.024,07","3.040,72","3.005,97","-0,46%"
"16.05.2016","3.027,19","2.991,49","3.040,02","2.967,55","1,18%"
"13.05.2016","2.992,00","2.946,25","2.995,70","2.945,43","1,54%"
"12.05.2016","2.946,62","2.937,15","2.955,59","2.909,66","0,29%"
"11.05.2016","2.938,05","2.973,30","2.993,97","2.935,50","-1,21%"
"10.05.2016","2.974,00","2.957,00","2.997,00","2.956,62","0,58%"
"09.05.2016","2.956,82","2.956,97","2.959,79","2.954,04","0,00%"
"06.05.2016","2.956,72","2.949,10","2.993,08","2.949,10","0,19%"
"05.05.2016","2.951,10","2.954,00","2.966,95","2.926,10","-0,09%"
"04.05.2016","2.953,70","2.913,20","2.961,40","2.891,97","1,36%"
"03.05.2016","2.914,10","2.832,00","2.915,51","2.831,42","2,86%"
"02.05.2016","2.833,00","2.852,80","2.853,80","2.815,97","-0,55%"
"29.04.2016","2.848,69","2.887,07","2.895,66","2.837,23","-0,92%"
"28.04.2016","2.875,02","2.932,00","2.953,37","2.872,57","-2,00%"
"27.04.2016","2.933,75","2.955,00","2.956,25","2.920,20","-0,74%"
"26.04.2016","2.955,50","2.967,65","2.969,45","2.936,50","-0,39%"
"25.04.2016","2.967,07","2.949,80","2.971,88","2.944,70","0,60%"
"22.04.2016","2.949,47","2.940,55","2.957,53","2.920,10","0,25%"
"21.04.2016","2.942,00","2.896,85","2.943,75","2.890,15","1,54%"
"20.04.2016","2.897,52","2.895,10","2.916,32","2.883,00","0,00%"
"19.04.2016","2.897,50","2.968,99","2.979,45","2.893,95","-2,44%"
"18.04.2016","2.969,99","2.996,20","3.028,80","2.965,99","-0,93%"
"15.04.2016","2.997,80","2.993,20","3.017,00","2.989,01","0,10%"
"14.04.2016","2.994,68","3.005,00","3.014,48","2.984,00","-0,46%"
"13.04.2016","3.008,45","3.019,00","3.021,25","2.995,50","-0,34%"
"12.04.2016","3.018,64","3.053,15","3.069,61","3.015,98","-1,16%"
"11.04.2016","3.053,95","3.094,30","3.094,85","3.049,80","-1,34%"
"08.04.2016","3.095,30","3.107,00","3.108,00","3.057,95","-0,37%"
"07.04.2016","3.106,75","3.081,00","3.122,20","3.081,00","0,80%"
"06.04.2016","3.082,00","3.085,00","3.106,99","3.070,11","-0,13%"
"05.04.2016","3.085,90","3.064,75","3.101,95","3.061,69","0,68%"
"04.04.2016","3.065,00","3.037,60","3.082,80","3.029,95","0,87%"
"01.04.2016","3.038,60","3.001,00","3.050,00","2.988,00","1,27%"
"31.03.2016","3.000,51","3.029,00","3.032,00","2.987,88","-0,48%"
"30.03.2016","3.015,00","3.057,95","3.063,95","3.010,25","-1,40%"
"29.03.2016","3.057,72","3.024,00","3.064,23","3.022,00","1,07%"
"28.03.2016","3.025,49","3.072,00","3.079,36","3.021,26","-1,55%"
"25.03.2016","3.073,00","3.071,00","3.073,00","3.071,00","0,04%"
"24.03.2016","3.071,77","3.066,93","3.074,85","3.066,93","0,02%"
"23.03.2016","3.071,24","3.028,00","3.078,81","3.023,60","1,34%"
"22.03.2016","3.030,50","3.072,00","3.084,72","3.023,50","-1,37%"
"21.03.2016","3.072,50","3.072,00","3.073,72","3.068,93","0,02%"
"18.03.2016","3.071,77","3.069,53","3.090,85","3.037,95","-0,01%"
"17.03.2016","3.072,23","3.159,00","3.162,89","3.066,50","-2,81%"
"16.03.2016","3.161,10","3.163,00","3.166,90","3.137,05","-0,09%"
"15.03.2016","3.164,00","3.152,25","3.189,00","3.152,25","0,29%"
"14.03.2016","3.154,80","3.149,95","3.197,70","3.149,10","0,17%"
"11.03.2016","3.149,53","3.220,00","3.240,74","3.140,00","-2,33%"