"Fecha","Último","Apertura","Máximo","Mínimo","Vol.","% var."
"30.06.2021","62,81","61,40","64,77","59,83","-","-2,09%"
"29.06.2021","64,15","62,78","65,55","61,74","15,93K","2,95%"
"28.06.2021","62,31","59,60","62,62","59,31","20,81K","9,28%"
"27.06.2021","57,02","57,02","57,02","57,02","-","-4,51%"
"25.06.2021","59,71","62,99","63,98","59,20","36,72K","-4,77%"
"24.06.2021","62,70","61,86","62,85","60,31","23,52K","0,92%"
"23.06.2021","62,13","60,67","62,93","60,48","27,96K","2,41%"
"22.06.2021","60,67","60,53","62,05","59,50","34,84K","0,56%"
"21.06.2021","60,33","57,50","60,67","56,74","32,17K","4,85%"
"20.06.2021","57,54","58,49","58,49","57,54","-","-1,00%"
"18.06.2021","58,12","56,15","58,98","55,49","56,96K","2,74%"
"17.06.2021","56,57","62,00","62,20","56,57","68,65K","-8,86%"
"16.06.2021","62,07","65,77","66,09","62,07","63,01K","-5,34%"
"15.06.2021","65,57","66,33","67,38","65,19","48,23K","-0,59%"
"14.06.2021","65,96","66,40","66,97","63,50","69,00K","-0,23%"
"13.06.2021","66,11","66,86","66,86","66,11","-","-1,30%"
"11.06.2021","66,98","70,30","70,60","66,96","78,21K","-4,94%"
"10.06.2021","70,46","71,59","72,74","70,16","68,64K","-1,58%"
"09.06.2021","71,59","72,48","72,49","70,43","59,93K","-0,68%"
"08.06.2021","72,08","71,34","72,78","70,22","66,52K","1,76%"
"07.06.2021","70,83","71,97","73,74","70,50","77,65K","-2,37%"
"06.06.2021","72,55","71,53","72,55","71,53","-","1,70%"
"04.06.2021","71,34","69,10","71,84","68,73","47,74K","3,62%"
"03.06.2021","68,85","70,78","72,13","68,72","71,51K","-2,17%"
"02.06.2021","70,38","67,44","70,89","67,24","63,26K","4,44%"
"01.06.2021","67,39","66,13","68,19","65,85","45,01K","1,57%"
"31.05.2021","66,35","66,35","66,35","66,35","-","0,82%"
"30.05.2021","65,81","65,81","65,81","65,81","-","0,03%"
"28.05.2021","65,79","66,81","67,39","65,71","40,88K","-1,53%"
"27.05.2021","66,81","65,76","66,89","65,22","42,60K","1,72%"
"26.05.2021","65,68","66,80","67,25","65,42","47,90K","-1,51%"
"25.05.2021","66,69","65,34","67,26","65,30","43,53K","2,40%"
"24.05.2021","65,13","65,42","66,23","64,23","38,23K","-0,26%"
"23.05.2021","65,30","65,30","65,30","65,30","-","-0,29%"
"21.05.2021","65,49","65,76","66,34","64,64","39,44K","-0,41%"
"20.05.2021","65,76","66,64","67,39","64,28","52,02K","-1,07%"
"19.05.2021","66,47","68,68","68,75","65,38","58,99K","-3,20%"
"18.05.2021","68,67","68,80","70,49","67,92","54,27K","-0,43%"
"17.05.2021","68,97","67,64","69,99","67,05","54,46K","1,97%"
"16.05.2021","67,64","67,82","67,89","67,64","-","-1,13%"
"14.05.2021","68,41","65,83","67,90","65,44","-","0,54%"
"13.05.2021","68,04","70,85","71,91","70,85","0,08K","-0,90%"
"12.05.2021","68,66","70,24","72,32","70,24","0,03K","2,39%"
"11.05.2021","67,06","67,55","67,68","67,55","0,05K","1,45%"
"10.05.2021","66,10","66,81","66,81","66,20","0,06K","3,09%"
"09.05.2021","64,12","64,12","64,12","64,12","-","-3,40%"
"07.05.2021","66,38","67,33","67,69","67,33","0,01K","0,20%"
"06.05.2021","66,25","66,95","66,95","66,24","0,05K","-0,73%"
"05.05.2021","66,74","67,94","68,08","66,50","0,12K","-1,78%"
"04.05.2021","67,95","68,50","69,40","67,78","0,12K","-0,53%"
"03.05.2021","68,31","71,54","71,59","66,35","0,09K","8,76%"
"02.05.2021","62,81","62,45","62,84","62,45","-","-8,25%"
"30.04.2021","68,46","66,74","67,80","65,48","1,57K","3,74%"
"29.04.2021","65,99","69,21","70,86","65,83","6,24K","-4,29%"
"28.04.2021","68,95","66,29","68,95","64,34","20,64K","3,76%"
"27.04.2021","66,45","65,92","67,71","65,49","30,87K","1,90%"
"26.04.2021","65,21","63,12","65,21","62,65","25,65K","10,21%"
"25.04.2021","59,17","59,17","59,17","59,17","-","-5,65%"
"23.04.2021","62,71","62,97","63,50","61,78","32,80K","0,30%"
"22.04.2021","62,52","60,27","62,69","60,22","36,60K","3,87%"
"21.04.2021","60,19","58,55","60,38","58,25","32,10K","3,21%"
"20.04.2021","58,32","56,27","58,77","56,22","43,98K","3,64%"
"19.04.2021","56,27","56,65","56,73","55,88","22,45K","-0,58%"
"18.04.2021","56,60","56,58","56,60","56,58","-","0,48%"
"16.04.2021","56,33","54,95","56,48","54,86","31,21K","2,62%"
"15.04.2021","54,89","54,35","55,09","54,11","30,39K","1,20%"
"14.04.2021","54,24","53,03","54,58","52,99","48,59K","2,28%"
"13.04.2021","53,03","51,45","53,45","51,45","48,02K","3,07%"
"12.04.2021","51,45","52,71","52,80","50,96","58,80K","-2,43%"
"11.04.2021","52,73","52,70","52,82","52,70","-","-0,23%"
"09.04.2021","52,85","53,68","54,14","52,70","48,31K","-0,99%"
"08.04.2021","53,38","52,85","53,74","52,58","47,81K","1,00%"
"07.04.2021","52,85","54,19","54,44","52,40","45,40K","-1,98%"
"06.04.2021","53,92","52,93","54,63","52,83","43,54K","2,10%"
"05.04.2021","52,81","52,55","53,15","52,34","32,35K","0,28%"
"04.04.2021","52,66","52,66","52,66","52,66","-","1,02%"
"01.04.2021","52,13","52,92","53,29","51,73","42,44K","-1,49%"
"31.03.2021","52,92","50,49","52,96","50,22","60,31K","4,88%"
"30.03.2021","50,46","52,96","53,19","50,46","48,33K","-4,72%"
"29.03.2021","52,96","52,44","54,03","52,00","67,48K","1,05%"
"28.03.2021","52,41","52,44","52,44","52,41","-","-0,13%"
"26.03.2021","52,48","54,55","55,45","52,48","75,53K","-4,55%"
"25.03.2021","54,98","57,48","57,51","54,98","69,38K","-4,35%"
"24.03.2021","57,48","57,00","57,85","56,50","46,78K","0,81%"
"23.03.2021","57,02","57,56","58,25","56,45","79,75K","1,15%"
"22.03.2021","56,37","53,90","56,37","53,26","66,92K","4,70%"
"21.03.2021","53,84","53,81","53,98","53,81","-","-0,06%"
"19.03.2021","53,87","53,21","54,11","52,97","53,70K","0,65%"
"18.03.2021","53,52","54,74","54,81","53,15","69,26K","-1,98%"
"17.03.2021","54,60","55,20","55,67","54,27","50,94K","-0,89%"
"16.03.2021","55,09","55,17","55,59","54,24","55,51K","0,00%"
"15.03.2021","55,09","55,36","55,75","55,00","51,50K","-0,45%"
"14.03.2021","55,34","55,34","55,34","55,34","-","-2,72%"
"12.03.2021","56,89","54,79","55,59","53,95","-","0,76%"
"11.03.2021","56,46","56,08","56,87","56,05","0,02K","1,99%"
"10.03.2021","55,36","54,92","55,42","54,50","0,05K","0,38%"
"09.03.2021","55,15","54,86","54,86","54,86","0,04K","2,02%"
"08.03.2021","54,06","54,22","54,40","53,94","0,08K","1,27%"
"05.03.2021","53,38","52,57","53,59","52,57","0,02K","1,91%"
"04.03.2021","52,38","52,11","53,25","52,07","0,27K","2,01%"
"03.03.2021","51,35","51,53","51,53","50,94","0,21K","0,16%"
"02.03.2021","51,27","50,35","51,40","50,35","0,64K","0,98%"
"01.03.2021","50,77","51,75","51,75","50,59","0,59K","-1,11%"
"26.02.2021","51,34","50,70","51,50","50,00","2,59K","0,75%"
"25.02.2021","50,96","51,14","52,13","50,26","14,71K","-0,35%"
"24.02.2021","51,14","49,29","51,54","49,02","31,34K","3,82%"
"23.02.2021","49,26","48,00","49,53","47,71","35,39K","2,84%"
"22.02.2021","47,90","47,86","48,09","47,31","33,84K","2,02%"
"21.02.2021","46,95","47,05","47,05","46,95","-","-1,26%"
"19.02.2021","47,55","46,91","47,85","46,56","44,39K","1,36%"
"18.02.2021","46,91","46,84","47,18","46,36","48,37K","0,30%"
"17.02.2021","46,77","47,33","47,64","46,55","49,95K","-1,06%"
"16.02.2021","47,27","46,59","47,56","46,58","54,51K","2,23%"
"15.02.2021","46,24","46,20","46,26","46,20","-","0,00%"
"14.02.2021","46,24","46,24","46,24","46,24","-","0,43%"
"12.02.2021","46,04","45,63","46,24","45,58","40,46K","0,90%"
"11.02.2021","45,63","45,69","46,28","45,10","61,88K","-0,13%"
"10.02.2021","45,69","46,58","46,66","45,51","69,33K","-1,78%"
"09.02.2021","46,52","45,67","46,67","45,60","75,31K","1,95%"
"08.02.2021","45,63","44,89","45,77","44,66","64,60K","2,17%"
"05.02.2021","44,66","44,83","45,18","44,54","56,29K","-0,62%"
"04.02.2021","44,94","44,48","45,22","44,19","45,98K","1,03%"
"03.02.2021","44,48","44,40","44,57","43,33","55,33K","0,36%"
"02.02.2021","44,32","45,40","45,47","44,23","51,94K","-1,45%"
"01.02.2021","44,97","44,75","45,38","44,13","58,45K","0,78%"
"29.01.2021","44,62","44,76","45,58","44,23","70,63K","-0,07%"
"28.01.2021","44,65","44,57","45,33","44,01","70,06K","0,29%"
"27.01.2021","44,52","44,07","45,43","44,06","66,29K","1,39%"
"26.01.2021","43,91","43,09","44,23","42,65","55,18K","2,26%"
"25.01.2021","42,94","42,15","43,68","41,92","67,11K","1,75%"
"24.01.2021","42,20","42,20","42,20","42,20","-","-0,17%"
"22.01.2021","42,27","43,30","43,46","42,08","66,91K","-2,67%"
"21.01.2021","43,43","42,52","43,53","42,32","55,11K","2,09%"
"20.01.2021","42,54","41,72","42,67","41,03","65,62K","2,01%"
"19.01.2021","41,70","41,99","42,31","41,01","67,08K","-1,21%"
"17.01.2021","42,21","42,17","42,23","42,17","-","0,86%"
"15.01.2021","41,85","43,17","43,32","41,48","79,73K","-3,28%"
"14.01.2021","43,27","42,19","43,22","41,30","0,03K","1,38%"
"13.01.2021","42,68","43,62","44,02","42,93","0,20K","-1,04%"
"12.01.2021","43,13","43,26","43,27","43,01","0,05K","0,00%"
"11.01.2021","43,13","43,90","43,97","42,93","0,15K","-1,42%"
"10.01.2021","43,75","43,72","43,75","43,72","-","-0,02%"
"08.01.2021","43,76","44,60","44,67","43,89","0,21K","-1,33%"
"07.01.2021","44,35","44,50","44,55","43,65","0,35K","-0,09%"
"06.01.2021","44,39","44,87","45,27","44,38","0,52K","0,07%"
"05.01.2021","44,36","43,30","44,64","43,10","0,55K","3,33%"
"04.01.2021","42,93","43,63","44,36","42,50","0,95K","1,13%"
"03.01.2021","42,45","42,53","42,53","42,41","-","0,02%"
"01.01.2021","42,44","42,44","42,44","42,44","-","-2,05%"
"31.12.2020","43,33","42,70","43,55","42,61","1,09K","1,55%"
"30.12.2020","42,67","42,55","42,78","41,97","8,50K","0,45%"
"29.12.2020","42,48","41,72","42,68","41,32","13,90K","1,82%"
"28.12.2020","41,72","42,06","42,06","41,26","16,60K","0,77%"
"27.12.2020","41,40","41,40","41,40","41,40","-","-1,05%"
"24.12.2020","41,84","41,35","42,01","41,34","10,92K","1,19%"
"23.12.2020","41,35","40,65","41,83","40,43","31,15K","1,97%"
"22.12.2020","40,55","39,96","40,75","39,64","39,85K","1,48%"
"21.12.2020","39,96","40,07","40,21","39,07","44,33K","0,53%"
"20.12.2020","39,75","39,68","39,75","39,68","-","-0,80%"
"18.12.2020","40,07","39,93","40,28","39,69","49,80K","0,35%"
"17.12.2020","39,93","39,05","39,96","38,92","65,16K","2,25%"
"16.12.2020","39,05","39,27","39,35","38,83","48,89K","-0,36%"
"15.12.2020","39,19","38,81","39,27","38,27","57,66K","-2,29%"
"14.12.2020","40,11","40,10","40,11","40,10","0,00K","1,34%"
"11.12.2020","39,58","39,25","39,79","39,25","0,14K","1,59%"
"10.12.2020","38,96","39,33","39,34","39,00","0,02K","0,52%"
"09.12.2020","38,76","38,56","38,77","38,40","0,02K","1,25%"
"08.12.2020","38,28","38,75","38,75","38,20","0,08K","-1,52%"
"07.12.2020","38,87","39,19","39,19","38,73","0,13K","1,01%"
"06.12.2020","38,48","38,44","38,48","38,44","-","-1,81%"
"04.12.2020","39,19","38,61","39,30","38,60","0,19K","1,32%"
"03.12.2020","38,68","37,81","38,72","37,81","0,62K","3,23%"
"02.12.2020","37,47","37,40","37,53","36,83","1,36K","0,19%"
"01.12.2020","37,40","38,01","38,33","37,40","0,39K","-1,27%"
"30.11.2020","37,88","38,91","39,00","37,69","1,55K","-2,12%"
"27.11.2020","38,70","38,40","38,99","38,35","7,96K","1,36%"
"25.11.2020","38,18","38,38","38,68","38,05","24,73K","0,32%"
"24.11.2020","38,06","38,66","38,67","37,59","34,10K","-1,27%"
"23.11.2020","38,55","39,16","39,20","38,44","38,80K","-0,28%"
"20.11.2020","38,66","38,96","39,32","38,30","46,48K","-0,39%"
"19.11.2020","38,81","38,45","38,96","37,99","57,22K","0,91%"
"18.11.2020","38,46","37,53","38,74","37,43","57,53K","2,56%"
"17.11.2020","37,50","37,46","37,93","37,29","50,12K","0,19%"
"16.11.2020","37,43","37,17","37,58","36,77","51,30K","0,84%"
"15.11.2020","37,12","37,12","37,12","37,12","-","-0,03%"
"13.11.2020","37,13","37,00","37,50","36,60","49,46K","0,22%"
"12.11.2020","37,05","37,14","37,24","36,67","66,01K","-0,22%"
"11.11.2020","37,13","36,13","37,32","36,07","79,65K","2,97%"
"10.11.2020","36,06","35,56","36,10","35,19","90,77K","1,63%"
"09.11.2020","35,48","35,49","36,15","35,16","71,07K","0,00%"
"08.11.2020","35,48","35,45","35,48","35,43","-","0,40%"
"06.11.2020","35,34","35,47","35,79","35,09","56,97K","-0,37%"
"05.11.2020","35,47","34,40","35,72","34,36","72,61K","3,14%"
"04.11.2020","34,39","33,70","34,48","33,34","64,09K","1,81%"
"03.11.2020","33,78","33,19","33,97","33,18","55,43K","1,78%"
"02.11.2020","33,19","33,48","33,61","33,02","58,87K","-1,07%"
"01.11.2020","33,55","33,70","33,70","33,55","-","-0,18%"
"30.10.2020","33,61","33,07","33,70","32,92","69,85K","1,66%"
"29.10.2020","33,06","33,42","33,56","32,86","66,82K","-1,08%"
"28.10.2020","33,42","34,11","34,11","33,20","81,02K","-2,02%"
"27.10.2020","34,11","34,36","34,70","34,03","58,34K","-1,02%"
"26.10.2020","34,46","34,16","34,82","34,01","74,67K","0,91%"
"25.10.2020","34,15","34,15","34,15","34,15","-","0,12%"
"23.10.2020","34,11","33,89","34,20","33,46","62,10K","1,25%"
"22.10.2020","33,69","33,20","33,86","32,66","76,32K","1,48%"
"21.10.2020","33,20","33,45","33,83","33,11","55,43K","-0,33%"
"20.10.2020","33,31","32,52","33,43","32,31","60,39K","2,40%"
"19.10.2020","32,53","33,04","33,12","32,28","53,62K","-1,33%"
"18.10.2020","32,97","32,97","32,97","32,97","-","-0,06%"
"16.10.2020","32,99","33,17","33,65","32,90","57,70K","-0,54%"
"15.10.2020","33,17","33,89","34,09","32,82","64,25K","-1,63%"
"14.10.2020","33,72","33,58","34,16","33,40","0,00K","0,00%"
"13.10.2020","33,72","33,28","34,32","33,25","0,11K","1,75%"
"12.10.2020","33,14","34,02","34,02","33,28","0,04K","-2,96%"
"11.10.2020","34,15","34,34","34,34","34,15","-","0,00%"
"09.10.2020","34,15","34,24","34,24","34,24","0,02K","2,74%"
"08.10.2020","33,24","33,30","33,30","33,26","0,04K","-0,21%"
"07.10.2020","33,31","33,12","33,62","33,10","0,08K","0,06%"
"06.10.2020","33,29","33,40","33,45","33,22","0,14K","1,46%"
"05.10.2020","32,81","32,10","32,80","32,10","0,08K","3,80%"
"04.10.2020","31,61","31,61","31,61","31,61","-","-1,03%"
"02.10.2020","31,94","32,70","32,70","31,81","0,16K","-2,17%"
"01.10.2020","32,65","33,45","33,49","32,51","0,22K","-2,16%"
"30.09.2020","33,37","32,87","33,52","32,45","1,50K","1,52%"
"29.09.2020","32,87","33,23","33,34","32,50","7,08K","-1,26%"
"28.09.2020","33,29","32,77","33,34","32,56","12,08K","1,56%"
"27.09.2020","32,78","32,78","32,78","32,78","-","-0,18%"
"25.09.2020","32,84","32,41","33,05","32,22","15,63K","1,48%"
"24.09.2020","32,36","32,70","32,70","32,02","12,78K","-1,01%"
"23.09.2020","32,69","33,74","33,79","32,66","19,49K","-2,91%"
"22.09.2020","33,67","34,30","34,50","33,57","16,36K","-1,75%"
"21.09.2020","34,27","35,17","35,45","34,24","13,16K","-2,36%"
"20.09.2020","35,10","35,15","35,15","35,10","-","-0,37%"
"18.09.2020","35,23","34,91","35,51","34,68","16,06K","0,92%"
"17.09.2020","34,91","34,94","35,20","34,71","12,91K","-0,09%"
"16.09.2020","34,94","34,11","35,09","33,91","19,62K","2,52%"
"15.09.2020","34,08","34,34","34,63","33,96","9,80K","-0,58%"
"14.09.2020","34,28","33,56","34,56","33,51","0,06K","1,51%"
"13.09.2020","33,77","33,77","33,77","33,77","-","0,09%"
"11.09.2020","33,74","33,33","33,36","33,30","0,11K","1,84%"
"10.09.2020","33,13","33,18","33,20","33,18","0,32K","-0,24%"
"09.09.2020","33,21","33,28","33,29","33,28","0,06K","-1,07%"
"08.09.2020","33,57","33,08","33,56","33,08","0,11K","1,48%"
"04.09.2020","33,08","33,43","33,50","33,05","0,11K","-1,17%"
"03.09.2020","33,47","33,97","34,03","33,29","0,56K","-0,59%"
"02.09.2020","33,67","33,10","33,65","33,03","0,21K","1,66%"
"01.09.2020","33,12","33,00","33,35","33,00","0,94K","0,49%"
"31.08.2020","32,96","33,63","34,22","32,96","2,32K","-1,08%"
"30.08.2020","33,32","33,32","33,32","33,32","-","-0,21%"
"28.08.2020","33,39","33,42","33,72","32,76","13,03K","0,24%"
"27.08.2020","33,31","32,27","33,62","32,20","27,12K","3,32%"
"26.08.2020","32,24","31,99","32,45","31,98","18,99K","0,81%"
"25.08.2020","31,98","31,66","32,13","31,51","16,47K","1,01%"
"24.08.2020","31,66","31,45","31,81","31,29","16,24K","-0,16%"
"23.08.2020","31,71","31,67","31,71","31,67","-","0,96%"
"21.08.2020","31,41","31,20","31,45","31,08","10,56K","0,35%"
"20.08.2020","31,30","31,67","31,70","31,17","12,28K","-1,17%"
"19.08.2020","31,67","31,56","31,90","31,46","12,28K","0,28%"
"18.08.2020","31,58","31,22","31,63","31,16","14,67K","0,89%"
"17.08.2020","31,30","31,11","31,58","31,10","17,60K","0,38%"
"16.08.2020","31,18","31,16","31,23","31,16","-","-1,11%"
"14.08.2020","31,53","31,11","31,30","30,93","-","-0,22%"
"13.08.2020","31,60","31,75","31,92","31,75","0,01K","-1,25%"
"12.08.2020","32,00","31,62","31,62","31,62","0,00K","3,03%"
"11.08.2020","31,06","31,19","31,19","31,09","0,02K","-0,42%"
"10.08.2020","31,19","31,27","31,36","31,27","0,03K","1,43%"
"09.08.2020","30,75","30,78","30,78","30,75","-","-1,91%"
"07.08.2020","31,35","31,03","31,46","31,03","0,11K","-0,54%"
"06.08.2020","31,52","31,49","31,86","31,46","0,11K","-0,57%"
"05.08.2020","31,70","31,70","31,70","31,37","0,26K","0,54%"
"04.08.2020","31,53","31,67","31,67","31,38","0,31K","-0,44%"
"03.08.2020","31,67","30,90","31,74","30,90","1,09K","2,46%"
"02.08.2020","30,91","30,91","30,91","30,91","-","0,00%"
"31.07.2020","30,91","30,26","30,94","30,21","1,72K","3,10%"
"30.07.2020","29,98","29,82","30,23","29,59","8,04K","1,04%"
"29.07.2020","29,67","29,40","29,78","29,31","32,54K","0,85%"
"28.07.2020","29,42","29,47","29,50","29,04","29,70K","-0,61%"
"27.07.2020","29,60","29,69","29,95","29,36","30,93K","-0,27%"
"26.07.2020","29,68","29,68","29,68","29,68","-","-0,40%"
"24.07.2020","29,80","29,76","30,06","29,58","24,34K","0,03%"
"23.07.2020","29,79","29,93","30,20","29,62","15,49K","-0,47%"
"22.07.2020","29,93","29,91","30,44","29,60","22,91K","-0,47%"
"21.07.2020","30,07","29,86","30,21","29,75","23,79K","0,47%"
"20.07.2020","29,93","30,10","30,44","29,81","25,86K","-0,43%"
"19.07.2020","30,06","29,96","30,06","29,96","-","0,47%"
"17.07.2020","29,92","29,27","30,00","29,26","34,21K","2,22%"
"16.07.2020","29,27","28,80","29,40","28,75","29,02K","1,63%"
"15.07.2020","28,80","28,46","28,83","28,46","34,51K","1,12%"
"14.07.2020","28,48","28,09","28,61","27,78","0,25K","1,82%"
"13.07.2020","27,97","27,88","27,88","27,76","0,06K","-0,43%"
"12.07.2020","28,09","28,23","28,26","28,09","-","-0,07%"
"10.07.2020","28,11","28,18","28,52","28,03","0,00K","-0,28%"
"09.07.2020","28,19","28,57","28,77","28,23","0,10K","-0,95%"
"08.07.2020","28,46","28,78","28,82","28,46","0,41K","-1,04%"
"07.07.2020","28,76","28,27","28,80","28,27","0,15K","1,20%"
"06.07.2020","28,42","28,07","28,52","28,07","0,24K","0,92%"
"05.07.2020","28,16","28,07","28,16","28,07","-","0,72%"
"02.07.2020","27,96","28,21","28,45","27,91","0,95K","-0,89%"
"01.07.2020","28,21","27,89","28,25","27,89","1,26K","0,82%"
"30.06.2020","27,98","27,62","28,31","27,40","3,33K","1,30%"
"29.06.2020","27,62","27,21","27,72","26,89","33,07K","1,54%"
"28.06.2020","27,20","27,22","27,22","27,20","-","0,00%"
"26.06.2020","27,20","27,56","27,80","27,11","52,88K","-1,23%"
"25.06.2020","27,54","27,64","27,67","27,36","51,36K","-0,40%"
"24.06.2020","27,65","28,19","28,28","27,62","45,78K","-1,85%"
"23.06.2020","28,17","28,35","28,42","27,89","52,51K","-0,63%"
"22.06.2020","28,35","28,52","28,63","28,31","32,82K","-0,60%"
"19.06.2020","28,52","28,14","28,68","28,01","56,98K","1,64%"
"18.06.2020","28,06","28,06","28,20","27,81","45,22K","-0,14%"
"17.06.2020","28,10","27,96","28,27","27,75","50,63K","0,39%"
"16.06.2020","27,99","27,80","28,28","27,76","67,21K","0,90%"
"15.06.2020","27,74","27,40","27,77","27,01","57,07K","1,13%"
"14.06.2020","27,43","27,52","27,52","27,41","-","-0,25%"
"12.06.2020","27,50","27,50","27,78","27,30","60,83K","0,00%"
"11.06.2020","27,50","28,06","28,13","27,46","66,95K","-1,79%"
"10.06.2020","28,00","28,24","28,47","27,91","58,89K","-0,81%"
"09.06.2020","28,23","28,02","28,36","27,94","61,11K","0,46%"
"08.06.2020","28,10","28,27","28,36","27,98","52,59K","-0,53%"
"07.06.2020","28,25","28,27","28,27","28,25","-","0,39%"
"05.06.2020","28,14","27,72","28,40","27,67","70,34K","1,15%"
"04.06.2020","27,82","27,84","27,86","27,50","47,72K","-0,14%"
"03.06.2020","27,86","27,97","28,20","27,78","46,15K","-0,29%"
"02.06.2020","27,94","27,60","28,01","27,48","54,44K","1,23%"
"01.06.2020","27,60","27,36","27,80","27,12","66,20K","0,88%"
"31.05.2020","27,36","27,36","27,36","27,36","-","-0,07%"
"29.05.2020","27,38","27,35","27,51","27,14","52,73K","-0,04%"
"28.05.2020","27,39","27,57","27,66","26,99","54,81K","-0,76%"
"27.05.2020","27,60","27,22","27,74","27,06","64,37K","1,21%"
"26.05.2020","27,27","26,74","27,36","26,71","60,35K","2,02%"
"25.05.2020","26,73","26,73","26,73","26,73","-","0,34%"
"22.05.2020","26,64","27,14","27,14","26,58","52,64K","-1,73%"
"21.05.2020","27,11","27,25","27,55","27,05","54,53K","-0,91%"
"20.05.2020","27,36","27,07","27,40","26,92","50,47K","1,00%"
"19.05.2020","27,09","27,33","27,56","26,95","53,68K","-0,84%"
"18.05.2020","27,32","26,61","27,40","26,61","57,35K","2,48%"
"17.05.2020","26,66","26,66","26,66","26,66","-","0,30%"
"15.05.2020","26,58","26,18","26,65","26,17","45,57K","2,55%"
"14.05.2020","25,92","25,93","26,30","25,70","0,06K","1,13%"
"13.05.2020","25,63","25,94","25,94","25,94","0,01K","-1,35%"
"12.05.2020","25,98","26,05","26,09","25,93","0,13K","-0,80%"
"11.05.2020","26,19","26,03","26,18","26,03","0,12K","-1,58%"
"10.05.2020","26,61","26,61","26,61","26,61","-","1,45%"
"08.05.2020","26,23","26,35","26,35","26,25","0,06K","1,12%"
"07.05.2020","25,94","25,81","26,05","25,79","0,12K","1,65%"
"06.05.2020","25,52","25,82","25,82","25,50","0,25K","-1,73%"
"05.05.2020","25,97","25,95","26,20","25,94","0,60K","0,66%"
"04.05.2020","25,80","25,91","25,91","25,48","0,92K","-0,50%"
"03.05.2020","25,93","27,12","27,12","25,93","-","-0,80%"
"01.05.2020","26,14","26,21","26,21","25,72","2,73K","-0,34%"
"30.04.2020","26,23","25,84","26,40","25,81","3,62K","1,75%"
"29.04.2020","25,78","25,30","25,88","25,22","27,29K","1,90%"
"28.04.2020","25,30","24,98","25,32","24,84","41,43K","1,24%"
"27.04.2020","24,99","25,03","25,15","24,64","51,79K","-0,24%"
"26.04.2020","25,05","24,98","25,05","24,93","-","0,00%"
"24.04.2020","25,05","25,69","25,88","24,75","46,17K","-2,19%"
"23.04.2020","25,61","25,58","26,29","25,57","36,67K","0,16%"
"22.04.2020","25,57","25,18","25,99","25,06","28,09K","0,87%"
"21.04.2020","25,35","25,91","25,97","24,78","45,89K","-2,42%"
"20.04.2020","25,98","26,35","26,38","25,88","39,63K","-1,40%"
"19.04.2020","26,35","26,35","26,35","26,35","-","0,23%"
"17.04.2020","26,29","26,30","26,61","26,23","25,35K","-0,04%"
"16.04.2020","26,30","26,68","26,79","26,23","41,08K","-0,94%"
"15.04.2020","26,55","26,64","26,90","26,24","55,97K","-0,71%"
"14.04.2020","26,74","26,95","27,11","26,62","86,13K","-0,59%"
"13.04.2020","26,90","27,57","27,80","26,76","47,48K","-1,86%"
"10.04.2020","27,41","27,41","27,41","27,41","-","0,00%"
"09.04.2020","27,41","27,27","27,75","27,15","56,77K","0,85%"
"08.04.2020","27,18","27,48","27,57","27,06","50,73K","-1,09%"
"07.04.2020","27,48","26,87","27,70","26,78","56,08K","2,42%"
"06.04.2020","26,83","26,43","26,94","26,20","44,53K","1,51%"
"05.04.2020","26,43","26,46","26,47","26,43","-","0,00%"
"03.04.2020","26,43","26,25","26,62","26,13","53,12K","0,72%"
"02.04.2020","26,24","26,05","26,83","25,82","55,35K","0,73%"
"01.04.2020","26,05","26,85","26,97","25,82","58,51K","-3,55%"
"31.03.2020","27,01","26,86","27,15","26,68","41,76K","0,52%"
"30.03.2020","26,87","26,83","27,38","26,62","47,32K","0,30%"
"29.03.2020","26,79","26,79","26,79","26,79","-","-0,22%"
"27.03.2020","26,85","26,49","26,96","26,33","52,24K","1,32%"
"26.03.2020","26,50","26,64","26,77","26,23","49,60K","-0,53%"
"25.03.2020","26,64","26,49","27,04","26,12","65,22K","0,34%"
"24.03.2020","26,55","26,07","26,63","25,95","52,35K","1,57%"
"23.03.2020","26,14","25,50","26,21","25,25","65,45K","3,08%"
"22.03.2020","25,36","25,37","25,37","25,36","-","-1,09%"
"20.03.2020","25,64","25,76","26,26","25,41","67,53K","0,63%"
"19.03.2020","25,48","25,35","25,73","24,85","78,65K","1,76%"
"18.03.2020","25,04","25,35","25,94","24,68","77,36K","-0,79%"
"17.03.2020","25,24","25,01","25,90","24,97","88,79K","1,00%"
"16.03.2020","24,99","26,06","26,50","24,91","88,30K","-3,96%"
"15.03.2020","26,02","26,02","26,02","26,02","-","-0,34%"
"13.03.2020","26,11","25,65","26,37","25,65","0,05K","-0,15%"
"12.03.2020","26,15","27,54","27,55","26,17","0,01K","-4,21%"
"11.03.2020","27,30","0,00","27,51","27,40","0,03K","-1,59%"
"10.03.2020","27,74","27,71","28,19","27,42","-","1,57%"
"09.03.2020","27,31","27,83","27,88","26,91","0,51K","-3,40%"
"08.03.2020","28,27","28,27","28,27","28,27","-","-0,74%"
"06.03.2020","28,48","29,08","29,08","28,30","0,11K","-2,13%"
"05.03.2020","29,10","29,72","29,73","29,16","0,26K","-1,15%"
"04.03.2020","29,44","29,05","29,51","29,05","0,31K","2,08%"
"03.03.2020","28,84","28,71","29,04","28,71","0,78K","0,95%"
"02.03.2020","28,57","28,36","28,82","28,36","1,46K","0,92%"
"28.02.2020","28,31","28,68","28,83","28,02","7,26K","-1,80%"
"27.02.2020","28,83","29,03","29,31","28,63","36,24K","-0,83%"
"26.02.2020","29,07","29,20","29,37","28,89","53,97K","-0,55%"
"25.02.2020","29,23","29,43","29,58","29,06","32,00K","-0,88%"
"24.02.2020","29,49","30,32","30,37","29,34","65,47K","-3,75%"
"21.02.2020","30,64","30,10","30,69","30,06","52,04K","1,73%"
"20.02.2020","30,12","30,22","30,43","30,04","62,83K","-0,73%"
"19.02.2020","30,34","30,47","30,52","29,78","71,72K","-0,46%"
"18.02.2020","30,48","30,71","30,77","30,33","64,63K","-0,49%"
"17.02.2020","30,63","30,63","30,63","30,63","-","0,00%"
"16.02.2020","30,63","30,63","30,64","30,63","-","0,20%"
"14.02.2020","30,57","30,72","31,02","30,53","39,23K","-0,49%"
"13.02.2020","30,72","31,00","31,00","30,41","75,20K","-1,00%"
"12.02.2020","31,03","30,75","31,07","30,54","61,91K","1,01%"
"11.02.2020","30,72","30,69","30,95","30,40","75,29K","0,33%"
"10.02.2020","30,62","31,00","31,27","30,51","86,70K","-1,13%"
"07.02.2020","30,97","31,50","31,50","30,74","83,80K","-0,86%"
"06.02.2020","31,24","31,42","31,96","31,15","58,62K","-0,26%"
"05.02.2020","31,32","30,83","31,69","30,64","81,15K","1,92%"
"04.02.2020","30,73","30,21","31,04","30,16","91,82K","1,45%"
"03.02.2020","30,29","29,94","30,42","29,81","103,89K","1,17%"
"31.01.2020","29,94","30,78","30,96","29,88","84,58K","-2,25%"
"30.01.2020","30,63","31,57","31,67","30,58","76,91K","-2,82%"
"29.01.2020","31,52","31,47","32,11","31,32","67,97K","0,19%"
"28.01.2020","31,46","31,59","31,63","30,56","87,05K","-0,19%"
"27.01.2020","31,52","31,90","31,97","30,72","79,79K","-1,56%"
"24.01.2020","32,02","32,54","32,54","31,86","66,46K","-1,42%"
"23.01.2020","32,48","33,03","33,05","32,45","58,78K","-1,64%"
"22.01.2020","33,02","32,80","33,37","32,61","68,45K","0,82%"
"21.01.2020","32,75","33,47","33,61","32,59","78,33K","-1,80%"
"17.01.2020","33,35","33,10","33,42","32,75","60,93K","0,97%"
"16.01.2020","33,03","33,30","33,45","32,89","69,43K","-0,81%"
"15.01.2020","33,30","34,08","34,11","33,25","84,49K","-1,04%"
"14.01.2020","33,65","33,33","33,70","33,33","0,14K","0,03%"
"13.01.2020","33,64","34,08","34,08","33,68","0,34K","-1,26%"
"10.01.2020","34,07","34,44","34,44","34,05","0,58K","-0,82%"
"09.01.2020","34,35","34,34","34,57","34,34","1,20K","0,23%"
"08.01.2020","34,27","34,50","34,65","34,25","1,18K","-0,55%"
"07.01.2020","34,46","34,28","34,46","34,20","1,38K","0,64%"
"06.01.2020","34,24","34,65","34,72","34,24","1,66K","-2,92%"
"05.01.2020","35,27","35,27","35,27","35,27","-","1,32%"
"03.01.2020","34,81","35,08","35,12","34,50","2,51K","-0,46%"
"02.01.2020","34,97","34,90","35,36","34,88","3,28K","0,43%"
"01.01.2020","34,82","34,82","34,82","34,82","-","0,96%"
"31.12.2019","34,49","35,10","35,10","34,12","5,09K","-1,93%"
"30.12.2019","35,17","34,70","35,22","34,66","34,42K","0,23%"
"29.12.2019","35,09","35,08","35,09","35,08","-","1,04%"
"27.12.2019","34,73","34,36","34,89","34,36","42,25K","1,02%"
"26.12.2019","34,38","34,15","34,58","34,12","28,47K","1,51%"
"25.12.2019","33,87","33,87","33,87","33,87","-","-0,03%"
"24.12.2019","33,88","33,73","33,96","33,54","24,71K","0,30%"
"23.12.2019","33,78","33,97","34,02","33,67","40,22K","-0,73%"
"22.12.2019","34,03","34,02","34,03","34,02","-","0,71%"
"20.12.2019","33,79","33,87","33,99","33,56","63,37K","0,00%"
"19.12.2019","33,79","33,48","34,02","33,28","51,29K","1,08%"
"18.12.2019","33,43","33,72","33,80","33,26","65,32K","-1,15%"
"17.12.2019","33,82","33,18","34,09","33,18","97,39K","2,05%"
"16.12.2019","33,14","32,70","33,20","32,63","63,06K","2,70%"
"13.12.2019","32,27","32,23","32,94","32,23","0,20K","0,75%"
"12.12.2019","32,03","31,64","31,95","31,64","0,12K","2,56%"
"11.12.2019","31,23","31,31","31,31","31,20","0,02K","-0,76%"
"10.12.2019","31,47","31,17","31,54","31,17","0,64K","0,35%"
"09.12.2019","31,36","31,24","31,54","31,21","1,01K","1,13%"
"06.12.2019","31,01","30,70","30,94","30,61","1,28K","2,38%"
"05.12.2019","30,29","30,55","30,55","30,23","1,50K","0,07%"
"04.12.2019","30,27","30,00","30,32","29,99","3,20K","0,93%"
"03.12.2019","29,99","30,03","30,21","29,94","4,26K","0,10%"
"02.12.2019","29,96","30,40","30,54","29,94","7,88K","-1,54%"
"01.12.2019","30,43","30,43","30,43","30,43","-","0,03%"
"29.11.2019","30,42","30,47","30,68","30,33","4,48K","0,23%"
"28.11.2019","30,35","30,30","30,35","30,30","-","-0,07%"
"27.11.2019","30,37","30,21","30,43","30,21","22,89K","0,50%"
"26.11.2019","30,22","30,46","30,52","30,12","49,60K","-0,72%"
"25.11.2019","30,44","30,91","31,10","30,33","56,12K","-1,42%"
"22.11.2019","30,88","30,69","31,08","30,64","38,50K","0,62%"
"21.11.2019","30,69","31,20","31,25","30,57","62,23K","-1,63%"
"20.11.2019","31,20","31,00","31,39","30,94","67,26K","0,78%"
"19.11.2019","30,96","30,64","31,24","30,57","81,33K","1,04%"
"18.11.2019","30,64","30,48","30,83","30,45","50,94K","0,62%"
"17.11.2019","30,45","30,51","30,51","30,45","-","0,07%"
"15.11.2019","30,43","30,81","30,84","30,41","56,58K","-1,14%"
"14.11.2019","30,78","30,53","30,92","30,46","75,32K","0,82%"
"13.11.2019","30,53","31,02","31,22","30,51","83,63K","-1,61%"
"12.11.2019","31,03","31,40","31,48","30,88","64,47K","-1,24%"
"11.11.2019","31,42","31,50","31,89","31,40","69,13K","-0,25%"
"08.11.2019","31,50","31,41","31,75","31,35","71,03K","0,22%"
"07.11.2019","31,43","31,75","31,78","31,41","68,93K","-1,01%"
"06.11.2019","31,75","31,60","31,84","31,45","63,26K","0,57%"
"05.11.2019","31,57","31,81","31,96","31,53","57,26K","-0,94%"
"04.11.2019","31,87","31,07","31,90","30,90","73,52K","2,64%"
"03.11.2019","31,05","31,07","31,07","31,05","-","0,06%"
"01.11.2019","31,03","30,78","31,12","30,65","48,40K","0,91%"
"31.10.2019","30,75","31,01","31,07","30,57","58,08K","-0,74%"
"30.10.2019","30,98","31,05","31,32","30,90","51,70K","-0,06%"
"29.10.2019","31,00","30,78","31,13","30,62","64,41K","0,71%"
"28.10.2019","30,78","30,98","31,21","30,61","61,85K","-0,58%"
"25.10.2019","30,96","31,39","31,52","30,93","81,89K","-1,21%"
"24.10.2019","31,34","30,63","31,42","30,53","78,54K","2,49%"
"23.10.2019","30,58","30,84","31,00","30,48","53,23K","-0,88%"
"22.10.2019","30,85","30,42","30,97","30,35","72,00K","1,21%"
"21.10.2019","30,48","30,30","30,54","30,25","45,89K","0,40%"
"18.10.2019","30,36","30,45","30,60","30,33","45,42K","-0,10%"
"17.10.2019","30,39","30,40","30,71","30,35","43,60K","-0,03%"
"16.10.2019","30,40","30,39","30,54","30,25","53,17K","0,03%"
"15.10.2019","30,39","29,99","30,76","29,85","102,54K","1,64%"
"14.10.2019","29,90","30,04","30,04","30,04","0,07K","-0,27%"
"11.10.2019","29,98","29,76","30,09","29,75","-","0,84%"
"10.10.2019","29,73","29,57","29,99","29,57","-","0,34%"
"09.10.2019","29,63","29,95","29,95","29,59","0,10K","-0,47%"
"08.10.2019","29,77","29,71","29,80","29,71","0,08K","-0,80%"
"07.10.2019","30,01","29,99","30,09","29,91","0,26K","0,40%"
"06.10.2019","29,89","29,86","29,89","29,86","-","0,34%"
"04.10.2019","29,79","29,75","29,90","29,59","0,44K","-0,03%"
"03.10.2019","29,80","28,95","29,79","28,95","0,62K","2,55%"
"02.10.2019","29,06","28,95","29,11","28,95","1,08K","0,80%"
"01.10.2019","28,83","28,99","29,17","28,80","1,60K","-0,55%"
"30.09.2019","28,99","28,70","29,13","28,68","6,89K","1,29%"
"27.09.2019","28,62","29,00","29,03","28,56","30,66K","-1,34%"
"26.09.2019","29,01","28,93","29,16","28,89","32,61K","-0,10%"
"25.09.2019","29,04","29,16","29,22","28,84","21,77K","-0,55%"
"24.09.2019","29,20","29,11","29,27","28,99","19,32K","0,03%"
"23.09.2019","29,19","29,22","29,51","29,11","18,17K","-0,31%"
"20.09.2019","29,28","29,81","29,81","29,25","27,61K","-1,78%"
"19.09.2019","29,81","29,84","29,91","29,59","14,26K","-0,20%"
"18.09.2019","29,87","29,89","30,02","29,76","11,20K","0,07%"
"17.09.2019","29,85","30,24","30,26","29,80","14,73K","-0,96%"
"16.09.2019","30,14","29,60","30,21","29,46","18,86K","4,15%"
"13.09.2019","28,94","28,99","29,02","28,99","0,02K","-0,28%"
"12.09.2019","29,02","28,99","29,08","28,92","0,06K","1,01%"
"11.09.2019","28,73","28,67","28,70","28,65","0,09K","1,23%"
"10.09.2019","28,38","28,33","28,44","28,23","0,08K","0,42%"
"09.09.2019","28,26","28,41","28,41","28,09","0,12K","-1,15%"
"08.09.2019","28,59","28,63","28,63","28,59","-","0,39%"
"06.09.2019","28,48","28,49","28,65","28,37","0,47K","0,04%"
"05.09.2019","28,47","28,71","28,86","28,33","1,08K","-1,11%"
"04.09.2019","28,79","28,74","28,88","28,64","0,69K","-0,28%"
"03.09.2019","28,87","28,51","28,90","28,28","1,76K","0,10%"
"01.09.2019","28,84","28,84","28,84","28,84","-","0,70%"
"30.08.2019","28,64","28,53","28,66","28,37","2,39K","0,95%"
"29.08.2019","28,37","28,13","28,54","27,91","30,12K","0,92%"
"28.08.2019","28,11","28,04","28,17","27,90","34,70K","0,36%"
"27.08.2019","28,01","28,40","28,40","27,96","35,16K","-1,13%"
"26.08.2019","28,33","28,36","28,62","28,30","25,48K","-1,01%"
"25.08.2019","28,62","28,62","28,62","28,62","-","0,99%"
"23.08.2019","28,34","28,57","28,63","28,18","23,84K","-0,70%"
"22.08.2019","28,54","28,74","28,95","28,49","17,70K","-0,70%"
"21.08.2019","28,74","28,49","28,83","28,43","19,47K","1,09%"
"20.08.2019","28,43","28,71","29,01","28,30","20,38K","-0,87%"
"19.08.2019","28,68","29,07","29,14","28,53","15,42K","-2,18%"
"18.08.2019","29,32","29,35","29,35","29,30","-","0,65%"
"16.08.2019","29,13","29,08","29,54","29,07","10,76K","0,21%"
"15.08.2019","29,07","29,11","29,40","28,97","12,67K","-0,10%"
"14.08.2019","29,10","29,62","29,77","29,45","-","-0,24%"
"13.08.2019","29,17","30,05","30,25","29,48","0,05K","-1,59%"
"12.08.2019","29,64","29,36","29,45","29,36","0,03K","-1,13%"
"11.08.2019","29,98","29,98","29,98","29,98","-","1,59%"
"09.08.2019","29,51","29,60","29,60","29,28","0,16K","1,90%"
"08.08.2019","28,96","28,19","28,81","28,19","0,10K","3,58%"
"07.08.2019","27,96","27,60","27,96","27,51","0,54K","1,75%"
"06.08.2019","27,48","27,75","27,97","27,50","1,12K","-1,01%"
"05.08.2019","27,76","28,15","28,15","27,68","2,24K","-1,53%"
"02.08.2019","28,19","27,67","28,22","27,67","2,08K","1,84%"
"01.08.2019","27,68","27,78","28,04","27,50","2,93K","-0,25%"
"31.07.2019","27,75","28,31","28,35","27,75","8,11K","-1,98%"
"30.07.2019","28,31","28,49","28,57","28,15","38,10K","-0,42%"
"29.07.2019","28,43","28,45","28,72","28,37","39,30K","-0,14%"
"26.07.2019","28,47","28,50","28,56","28,23","33,58K","0,71%"
"25.07.2019","28,27","28,30","28,61","28,26","26,26K","-0,11%"
"24.07.2019","28,30","27,97","28,55","27,97","37,36K","1,04%"
"23.07.2019","28,01","27,78","28,07","27,74","21,18K","1,01%"
"22.07.2019","27,73","28,18","28,23","27,70","22,24K","-1,39%"
"21.07.2019","28,12","28,12","28,12","28,12","-","0,07%"
"19.07.2019","28,10","27,69","28,19","27,61","25,74K","1,66%"
"18.07.2019","27,64","27,61","27,85","27,47","22,96K","-0,14%"
"17.07.2019","27,68","27,99","28,24","27,63","28,86K","-1,11%"
"16.07.2019","27,99","28,26","28,43","27,91","24,96K","-1,03%"
"15.07.2019","28,28","28,37","28,49","28,18","17,20K","0,11%"
"14.07.2019","28,25","28,29","28,29","28,25","-","0,50%"
"12.07.2019","28,11","28,18","28,41","27,88","0,03K","0,14%"
"11.07.2019","28,07","28,14","28,23","27,95","0,04K","0,36%"
"10.07.2019","27,97","28,08","28,08","27,75","0,22K","0,32%"
"09.07.2019","27,88","27,86","27,94","27,70","0,48K","0,07%"
"08.07.2019","27,86","27,60","27,86","27,58","0,48K","1,53%"
"05.07.2019","27,44","28,03","28,03","27,42","0,66K","-2,07%"
"03.07.2019","28,02","27,71","28,06","27,71","1,68K","1,30%"
"02.07.2019","27,66","28,13","28,19","27,65","3,10K","-1,14%"
"01.07.2019","27,98","28,27","28,53","28,00","2,84K","-0,92%"
"28.06.2019","28,24","27,85","28,31","27,77","6,74K","1,55%"
"27.06.2019","27,81","27,89","28,04","27,65","40,83K","0,00%"
"26.06.2019","27,81","28,02","28,10","27,77","39,52K","-0,68%"
"25.06.2019","28,00","28,51","28,63","27,95","50,66K","-1,23%"
"24.06.2019","28,35","28,53","28,57","28,25","50,42K","-0,49%"
"23.06.2019","28,49","28,55","28,55","28,49","-","0,18%"
"21.06.2019","28,44","28,59","28,72","28,41","40,65K","-0,52%"
"20.06.2019","28,59","28,26","28,65","28,10","57,09K","0,78%"
"19.06.2019","28,37","28,36","28,56","28,16","66,63K","0,14%"
"18.06.2019","28,33","28,35","28,54","28,08","75,67K","0,68%"
"17.06.2019","28,14","27,91","28,26","27,74","56,68K","1,74%"
"16.06.2019","27,66","27,66","27,66","27,66","-","0,18%"
"14.06.2019","27,61","28,10","28,13","27,59","86,47K","-1,46%"
"13.06.2019","28,02","27,58","28,07","27,50","70,11K","1,67%"
"12.06.2019","27,56","27,26","27,64","26,93","64,73K","1,25%"
"11.06.2019","27,22","27,38","27,52","27,19","68,07K","-0,58%"
"10.06.2019","27,38","27,38","27,59","27,18","47,61K","0,00%"
"07.06.2019","27,38","27,81","27,87","27,31","59,59K","-1,37%"
"06.06.2019","27,76","27,22","27,86","27,07","72,12K","1,98%"
"05.06.2019","27,22","27,61","27,62","27,11","48,19K","-0,98%"
"04.06.2019","27,49","27,60","27,73","27,38","52,76K","0,55%"
"03.06.2019","27,34","27,59","27,59","27,01","60,99K","-0,91%"
"31.05.2019","27,59","27,80","27,83","27,46","67,72K","-0,68%"
"30.05.2019","27,78","27,89","27,92","27,42","68,29K","0,18%"
"29.05.2019","27,73","27,29","28,23","27,26","100,81K","1,61%"
"28.05.2019","27,29","27,30","27,50","27,18","59,75K","1,07%"
"27.05.2019","27,00","27,00","27,00","27,00","-","0,00%"
"26.05.2019","27,00","27,00","27,00","27,00","-","-0,04%"
"24.05.2019","27,01","26,93","27,17","26,79","43,06K","0,86%"
"23.05.2019","26,78","27,23","27,31","26,74","56,42K","-1,94%"
"22.05.2019","27,31","27,17","27,42","26,99","50,36K","0,63%"
"21.05.2019","27,14","27,53","27,79","27,10","63,95K","-1,31%"
"20.05.2019","27,50","27,26","27,67","27,26","45,40K","1,03%"
"17.05.2019","27,22","27,80","27,80","27,11","72,20K","-1,80%"
"16.05.2019","27,72","27,24","27,75","27,23","55,23K","1,76%"
"15.05.2019","27,24","27,01","27,50","26,90","65,24K","1,15%"
"14.05.2019","26,93","26,59","27,14","26,59","-","2,20%"
"13.05.2019","26,35","26,11","26,38","26,03","0,03K","-0,57%"
"10.05.2019","26,50","26,37","26,44","26,22","0,20K","0,61%"
"09.05.2019","26,34","26,42","26,46","26,29","0,16K","-1,39%"
"08.05.2019","26,71","26,76","26,76","26,47","0,80K","-0,37%"
"07.05.2019","26,81","26,97","26,97","26,80","0,61K","-0,11%"
"06.05.2019","26,84","26,63","26,90","26,30","0,68K","-1,83%"
"05.05.2019","27,34","27,31","27,34","27,31","-","1,00%"
"03.05.2019","27,07","27,12","27,21","27,08","1,48K","-0,59%"
"02.05.2019","27,23","27,42","27,42","26,91","2,17K","-0,55%"
"01.05.2019","27,38","27,69","27,69","27,29","4,33K","-0,73%"
"30.04.2019","27,58","27,87","28,02","27,55","6,77K","-1,08%"
"29.04.2019","27,88","27,57","27,96","27,42","38,43K","1,31%"
"26.04.2019","27,52","27,60","27,64","27,20","57,58K","-0,43%"
"25.04.2019","27,64","27,91","28,00","27,57","37,96K","-1,00%"
"24.04.2019","27,92","28,12","28,24","27,88","40,86K","-0,50%"
"23.04.2019","28,06","28,69","28,75","27,99","64,57K","-2,23%"
"22.04.2019","28,70","28,80","28,84","28,62","68,30K","-0,38%"
"21.04.2019","28,81","28,81","28,81","28,81","-","0,00%"
"19.04.2019","28,81","28,81","28,81","28,81","-","0,03%"
"18.04.2019","28,80","28,47","28,83","28,40","66,95K","1,19%"
"17.04.2019","28,46","28,72","28,94","28,45","77,77K","-0,91%"
"16.04.2019","28,72","28,75","28,79","28,59","46,33K","-0,31%"
"15.04.2019","28,81","28,93","29,01","28,76","52,30K","-0,48%"
"14.04.2019","28,95","28,96","28,96","28,95","-","0,00%"
"12.04.2019","28,95","28,97","29,13","28,90","32,05K","-0,10%"
"11.04.2019","28,98","29,02","29,07","28,87","76,06K","-0,31%"
"10.04.2019","29,07","29,02","29,11","28,81","50,38K","0,10%"
"09.04.2019","29,04","28,92","29,14","28,78","76,91K","0,55%"
"08.04.2019","28,88","29,15","29,15","28,78","66,49K","-1,10%"
"07.04.2019","29,20","29,15","29,20","29,15","-","0,17%"
"05.04.2019","29,15","29,20","29,40","29,06","56,59K","-0,17%"
"04.04.2019","29,20","28,74","29,25","28,74","71,70K","1,39%"
"03.04.2019","28,80","28,94","29,07","28,74","44,20K","-0,55%"
"02.04.2019","28,96","28,57","28,98","28,53","51,14K","1,37%"
"01.04.2019","28,57","28,37","28,63","28,37","59,96K","0,74%"
"29.03.2019","28,36","28,62","28,72","28,34","55,08K","-0,94%"
"28.03.2019","28,63","28,83","28,84","28,60","42,91K","-0,66%"
"27.03.2019","28,82","28,65","28,84","28,52","69,92K","0,59%"
"26.03.2019","28,65","28,82","28,85","28,58","54,62K","-0,59%"
"25.03.2019","28,82","28,65","28,89","28,54","51,17K","0,56%"
"22.03.2019","28,66","29,12","29,19","28,60","65,57K","-1,51%"
"21.03.2019","29,10","29,32","29,47","29,08","50,88K","-0,58%"
"20.03.2019","29,27","29,29","29,40","29,20","47,99K","0,10%"
"19.03.2019","29,24","29,51","29,51","29,15","51,39K","-0,68%"
"18.03.2019","29,44","29,47","29,53","29,28","37,85K","-0,03%"
"17.03.2019","29,45","29,45","29,45","29,45","-","0,07%"
"15.03.2019","29,43","29,57","29,69","29,38","58,46K","0,10%"
"14.03.2019","29,40","29,92","30,00","29,52","0,01K","-0,98%"
"13.03.2019","29,69","29,98","30,04","29,71","0,00K","-0,30%"
"12.03.2019","29,78","29,47","29,65","29,47","0,32K","1,29%"
"11.03.2019","29,40","29,41","29,50","29,27","0,49K","0,03%"
"08.03.2019","29,39","29,30","29,30","29,22","0,69K","-0,07%"
"07.03.2019","29,41","29,55","29,55","29,25","0,54K","-0,34%"
"06.03.2019","29,51","29,74","29,80","29,50","1,29K","-0,74%"
"05.03.2019","29,73","29,85","29,85","29,54","1,26K","-0,17%"
"04.03.2019","29,78","29,99","30,08","29,80","1,76K","-0,57%"
"01.03.2019","29,95","29,96","30,32","29,87","3,77K","-0,03%"
"28.02.2019","29,96","29,86","30,03","29,82","5,21K","0,54%"
"27.02.2019","29,80","30,12","30,19","29,76","26,24K","-0,96%"
"26.02.2019","30,09","30,44","30,44","29,83","43,39K","-0,89%"
"25.02.2019","30,36","30,62","30,81","30,32","56,06K","-1,27%"
"24.02.2019","30,75","30,75","30,75","30,75","-","0,79%"
"22.02.2019","30,51","30,48","30,55","30,30","37,58K","0,07%"
"21.02.2019","30,49","30,00","30,66","29,90","68,92K","1,77%"
"20.02.2019","29,96","29,74","30,04","29,62","70,88K","0,74%"
"19.02.2019","29,74","29,96","30,25","29,71","50,74K","-0,77%"
"18.02.2019","29,97","29,98","30,09","29,88","-","0,03%"
"17.02.2019","29,96","29,96","29,96","29,96","-","0,03%"
"15.02.2019","29,95","29,87","30,06","29,67","34,42K","0,20%"
"14.02.2019","29,89","29,98","30,16","29,81","57,13K","-0,33%"
"13.02.2019","29,99","30,27","30,39","29,95","102,01K","-1,12%"
"12.02.2019","30,33","30,20","30,47","30,07","73,83K","0,30%"
"11.02.2019","30,24","30,86","30,87","30,15","77,72K","-2,04%"
"10.02.2019","30,87","30,87","30,87","30,87","-","0,00%"
"08.02.2019","30,87","30,84","30,95","30,46","74,34K","0,19%"
"07.02.2019","30,81","30,78","31,01","30,68","77,87K","-0,29%"
"06.02.2019","30,90","30,37","30,91","30,28","80,54K","1,71%"
"05.02.2019","30,38","30,13","30,39","29,94","43,09K","0,83%"
"04.02.2019","30,13","29,91","30,16","29,65","51,35K","0,90%"
"03.02.2019","29,86","29,86","29,86","29,86","-","-0,10%"
"01.02.2019","29,89","30,39","30,62","29,81","80,66K","-0,93%"
"31.01.2019","30,17","30,41","30,48","30,13","61,89K","-0,82%"
"30.01.2019","30,42","30,12","30,44","30,07","50,55K","1,03%"
"29.01.2019","30,11","30,27","30,29","29,98","55,42K","-0,63%"
"28.01.2019","30,30","30,02","30,32","29,90","54,25K","0,97%"
"27.01.2019","30,01","30,03","30,03","30,00","-","-0,07%"
"25.01.2019","30,03","29,55","30,05","29,47","64,81K","1,76%"
"24.01.2019","29,51","29,42","29,54","29,17","43,61K","0,44%"
"23.01.2019","29,38","29,19","29,42","29,09","55,89K","1,10%"
"22.01.2019","29,06","29,19","29,23","28,76","55,91K","0,17%"
"21.01.2019","29,01","29,00","29,01","29,00","-","0,21%"
"20.01.2019","28,95","28,95","28,95","28,95","-","-0,21%"
"18.01.2019","29,01","28,74","29,08","28,66","52,61K","0,83%"
"17.01.2019","28,77","28,23","28,79","28,15","47,06K","1,91%"
"16.01.2019","28,23","28,32","28,44","28,13","37,45K","-0,04%"
"15.01.2019","28,24","28,42","28,52","28,19","49,35K","0,46%"
"14.01.2019","28,11","28,45","28,59","28,16","0,14K","-0,21%"
"11.01.2019","28,17","28,10","28,16","28,10","0,36K","0,82%"
"10.01.2019","27,94","28,04","28,04","27,88","0,05K","-1,34%"
"09.01.2019","28,32","28,36","28,36","28,32","0,18K","0,50%"
"08.01.2019","28,18","28,31","28,36","28,01","0,93K","-0,28%"
"07.01.2019","28,26","28,47","28,55","28,26","0,23K","-1,33%"
"06.01.2019","28,64","28,64","28,64","28,64","-","0,81%"
"04.01.2019","28,41","28,22","28,45","28,22","0,66K","0,82%"
"03.01.2019","28,18","28,04","28,16","27,98","0,35K","1,00%"
"02.01.2019","27,90","27,62","28,03","27,60","1,97K","1,27%"
"31.12.2018","27,55","27,62","27,72","27,52","8,25K","-1,47%"
"30.12.2018","27,96","27,96","27,96","27,96","-","1,60%"
"28.12.2018","27,52","27,34","27,52","27,31","21,53K","0,77%"
"27.12.2018","27,31","27,49","27,57","27,27","32,67K","-0,18%"
"26.12.2018","27,36","27,78","27,78","27,31","28,58K","-1,37%"
"24.12.2018","27,74","27,90","27,97","27,73","20,31K","-0,54%"
"21.12.2018","27,89","28,19","28,28","27,80","46,50K","-1,10%"
"20.12.2018","28,20","28,50","28,54","28,17","48,42K","-0,91%"
"19.12.2018","28,46","28,41","28,82","28,26","54,23K","0,18%"
"18.12.2018","28,41","28,20","28,47","28,19","64,52K","0,85%"
"17.12.2018","28,17","28,48","28,57","28,15","67,29K","-1,12%"
"16.12.2018","28,49","28,49","28,49","28,49","-","0,35%"
"14.12.2018","28,39","28,69","28,83","28,44","0,19K","-0,87%"
"13.12.2018","28,64","29,16","29,16","28,70","0,00K","-1,92%"
"12.12.2018","29,20","28,95","29,23","28,87","-","1,71%"
"11.12.2018","28,71","28,50","28,72","28,50","0,07K","0,67%"
"10.12.2018","28,52","28,59","28,59","28,47","0,64K","-0,63%"
"09.12.2018","28,70","28,65","28,70","28,65","-","0,70%"
"07.12.2018","28,50","28,45","28,63","28,41","0,68K","0,11%"
"06.12.2018","28,47","28,49","28,52","28,27","1,27K","-0,35%"
"05.12.2018","28,57","28,64","28,71","28,54","1,44K","-0,24%"
"04.12.2018","28,64","28,26","28,62","28,17","1,71K","1,17%"
"03.12.2018","28,31","28,19","28,28","28,07","2,10K","1,76%"
"30.11.2018","27,82","27,74","27,88","27,63","7,29K","0,51%"
"29.11.2018","27,68","27,72","27,84","27,59","42,74K","-0,18%"
"28.11.2018","27,73","27,17","27,75","27,17","37,17K","2,10%"
"27.11.2018","27,16","26,99","27,35","26,95","51,89K","0,74%"
"26.11.2018","26,96","27,68","27,76","26,95","71,77K","-2,50%"
"23.11.2018","27,65","27,75","27,82","27,55","38,97K","-0,54%"
"21.11.2018","27,80","27,36","27,87","27,32","68,67K","1,68%"
"20.11.2018","27,34","27,34","27,55","27,17","57,38K","0,07%"
"19.11.2018","27,32","27,42","27,47","27,26","70,15K","-0,18%"
"16.11.2018","27,37","27,76","27,85","27,29","53,18K","-1,16%"
"15.11.2018","27,69","27,58","27,77","27,57","48,16K","0,44%"
"14.11.2018","27,57","27,55","27,68","27,39","58,85K","0,07%"
"13.11.2018","27,55","27,66","27,81","27,45","56,37K","-0,58%"
"12.11.2018","27,71","27,65","27,81","27,60","48,79K","0,33%"
"09.11.2018","27,62","28,02","28,06","27,61","92,84K","-1,43%"
"08.11.2018","28,02","28,20","28,26","27,76","54,29K","-0,64%"
"07.11.2018","28,20","27,91","28,24","27,83","60,89K","1,08%"
"06.11.2018","27,90","27,92","28,05","27,77","60,78K","0,00%"
"05.11.2018","27,90","28,22","28,29","27,81","55,45K","-1,13%"
"04.11.2018","28,22","28,22","28,22","28,22","-","0,07%"
"02.11.2018","28,20","28,34","28,56","28,10","50,62K","-0,42%"
"01.11.2018","28,32","28,03","28,47","27,89","70,42K","1,07%"
"31.10.2018","28,02","28,00","28,14","27,81","49,30K","0,07%"
"30.10.2018","28,00","27,89","28,04","27,75","51,20K","0,39%"
"29.10.2018","27,89","28,22","28,37","27,88","47,81K","-1,10%"
"28.10.2018","28,20","28,22","28,22","28,18","-","0,14%"
"26.10.2018","28,16","28,39","28,46","28,10","48,26K","-0,81%"
"25.10.2018","28,39","28,61","28,65","28,29","52,34K","-0,77%"
"24.10.2018","28,61","28,72","28,81","28,54","57,04K","-0,52%"
"23.10.2018","28,76","29,17","29,19","28,72","42,52K","-1,34%"
"22.10.2018","29,15","29,14","29,32","29,06","40,26K","0,21%"
"21.10.2018","29,09","29,10","29,10","29,09","-","-0,17%"
"19.10.2018","29,14","29,17","29,44","28,96","47,67K","0,41%"
"18.10.2018","29,02","29,54","29,57","29,00","48,99K","-1,83%"
"17.10.2018","29,56","29,71","29,81","29,53","44,52K","-0,34%"
"16.10.2018","29,66","29,80","29,88","29,57","52,22K","-0,34%"
"15.10.2018","29,76","29,40","29,78","29,31","48,74K","1,09%"
"14.10.2018","29,44","29,40","29,44","29,40","-","4,81%"
"12.10.2018","28,09","27,51","28,24","26,88","89,03K","-2,23%"
"11.10.2018","28,73","28,47","28,69","28,47","0,11K","0,28%"
"10.10.2018","28,65","29,27","29,34","28,85","0,01K","-1,10%"
"09.10.2018","28,97","28,99","28,99","28,93","0,16K","-1,23%"
"08.10.2018","29,33","29,10","29,34","28,91","0,42K","-0,10%"
"07.10.2018","29,36","29,43","29,43","29,36","-","0,96%"
"05.10.2018","29,08","29,14","29,14","29,06","0,39K","-0,68%"
"04.10.2018","29,28","29,55","29,66","29,28","1,01K","-0,81%"
"03.10.2018","29,52","29,45","29,56","29,34","1,00K","0,54%"
"02.10.2018","29,36","28,96","29,36","28,91","1,80K","1,21%"
"01.10.2018","29,01","28,70","29,08","28,52","1,02K","0,07%"
"30.09.2018","28,99","28,99","28,99","28,99","-","1,08%"
"28.09.2018","28,68","28,80","29,11","28,54","1,98K","-0,62%"
"27.09.2018","28,86","28,49","28,90","28,38","32,94K","1,33%"
"26.09.2018","28,48","28,38","28,62","28,29","47,29K","0,39%"
"25.09.2018","28,37","28,23","28,45","28,10","39,42K","0,39%"
"24.09.2018","28,26","28,10","28,55","27,89","29,90K","-0,25%"
"23.09.2018","28,33","28,36","28,36","28,33","-","0,85%"
"21.09.2018","28,09","27,60","28,24","27,37","27,52K","1,78%"
"20.09.2018","27,60","27,18","27,90","27,08","26,43K","1,28%"
"19.09.2018","27,25","27,17","27,28","26,88","17,40K","0,48%"
"18.09.2018","27,12","27,43","27,46","27,09","12,17K","-1,13%"
"17.09.2018","27,43","27,51","27,63","27,37","5,50K","-1,22%"
"16.09.2018","27,77","27,76","27,80","27,73","-","1,24%"
"14.09.2018","27,43","27,80","27,95","27,65","0,11K","-0,04%"
"13.09.2018","27,44","27,57","27,67","27,57","0,29K","-0,69%"
"12.09.2018","27,63","28,06","28,11","27,64","0,34K","-0,36%"
"11.09.2018","27,73","27,84","27,86","27,76","0,58K","-1,07%"
"10.09.2018","28,03","27,90","28,03","27,90","0,69K","-0,78%"
"09.09.2018","28,25","28,27","28,27","28,22","-","1,11%"
"07.09.2018","27,94","28,10","28,10","27,86","0,92K","-0,78%"
"06.09.2018","28,16","28,15","28,25","28,10","0,93K","-0,07%"
"05.09.2018","28,18","28,37","28,37","28,10","1,84K","-0,74%"
"04.09.2018","28,39","28,40","28,58","28,27","2,11K","-1,46%"
"03.09.2018","28,81","28,79","28,83","28,79","-","1,55%"
"31.08.2018","28,37","28,20","28,44","28,12","4,69K","0,32%"
"30.08.2018","28,28","28,00","28,31","27,95","14,81K","0,89%"
"29.08.2018","28,03","28,19","28,32","28,00","23,12K","-0,53%"
"28.08.2018","28,18","28,37","28,57","28,12","27,80K","-0,67%"
"27.08.2018","28,37","28,12","28,51","27,91","32,69K","0,78%"
"24.08.2018","28,15","28,03","28,48","28,01","24,69K","0,43%"
"23.08.2018","28,03","28,25","28,25","27,96","14,17K","-0,67%"
"22.08.2018","28,22","28,54","28,61","28,14","18,00K","-1,29%"
"21.08.2018","28,59","28,46","28,76","28,27","20,22K","0,18%"
"20.08.2018","28,54","28,40","28,61","28,32","9,88K","1,10%"
"17.08.2018","28,23","28,15","28,40","28,07","9,11K","0,28%"
"16.08.2018","28,15","27,88","28,25","27,80","12,48K","0,97%"
"15.08.2018","27,88","28,26","28,29","27,74","18,24K","-0,75%"
"14.08.2018","28,09","28,06","28,07","28,06","0,14K","-0,53%"
"13.08.2018","28,24","27,94","28,15","27,94","0,04K","0,89%"
"10.08.2018","27,99","28,50","28,51","27,97","0,15K","-1,51%"
"09.08.2018","28,42","28,44","28,46","28,38","0,28K","-0,11%"
"08.08.2018","28,45","28,59","28,72","28,39","1,30K","-0,49%"
"07.08.2018","28,59","28,35","28,56","28,35","0,89K","1,06%"
"06.08.2018","28,29","28,37","28,38","28,21","1,07K","-0,21%"
"03.08.2018","28,35","28,20","28,37","28,03","1,81K","0,82%"
"02.08.2018","28,12","28,39","28,54","27,96","3,00K","-1,16%"
"01.08.2018","28,45","28,68","28,68","28,49","2,91K","-0,97%"
"31.07.2018","28,73","28,35","28,81","28,32","8,55K","1,48%"
"30.07.2018","28,31","28,54","28,66","28,25","40,13K","-0,88%"
"27.07.2018","28,56","28,15","28,58","28,11","41,33K","1,46%"
"26.07.2018","28,15","28,43","28,69","28,11","30,24K","-0,92%"
"25.07.2018","28,41","28,25","28,47","28,17","22,20K","0,60%"
"24.07.2018","28,24","27,98","28,28","27,86","12,58K","0,97%"
"23.07.2018","27,97","28,24","28,31","27,96","17,30K","-1,06%"
"22.07.2018","28,27","28,27","28,27","28,27","-","0,18%"
"20.07.2018","28,22","27,83","28,27","27,71","25,01K","1,40%"
"19.07.2018","27,83","28,08","28,12","27,71","20,35K","-0,86%"
"18.07.2018","28,07","27,73","28,10","27,73","22,16K","1,23%"
"17.07.2018","27,73","27,77","27,91","27,57","19,61K","0,33%"
"16.07.2018","27,64","27,95","27,97","27,59","14,91K","-0,58%"
"13.07.2018","27,80","28,33","28,34","27,52","0,31K","-1,31%"
"12.07.2018","28,17","28,29","28,30","28,26","0,68K","-0,56%"
"11.07.2018","28,33","28,85","28,85","28,43","1,41K","-1,90%"
"10.07.2018","28,88","28,72","28,84","28,72","1,79K","0,49%"
"09.07.2018","28,74","28,86","28,86","28,73","1,90K","-0,55%"
"06.07.2018","28,90","28,40","28,88","28,36","2,61K","1,51%"
"05.07.2018","28,47","28,62","28,62","28,45","3,46K","-0,52%"
"03.07.2018","28,62","28,81","28,85","28,58","4,32K","-0,52%"
"02.07.2018","28,77","29,10","29,13","28,72","4,71K","-1,20%"
"29.06.2018","29,12","28,95","29,38","28,89","4,89K","0,38%"
"28.06.2018","29,01","28,90","29,27","28,86","28,87K","0,00%"
"27.06.2018","29,01","28,91","29,18","28,89","52,46K","0,24%"
"26.06.2018","28,94","28,90","29,19","28,89","47,91K","0,00%"
"25.06.2018","28,94","29,22","29,27","28,91","42,92K","-0,92%"
"22.06.2018","29,21","29,20","29,46","29,18","51,39K","0,07%"
"21.06.2018","29,19","29,37","29,45","29,01","76,96K","-0,61%"
"20.06.2018","29,37","29,00","29,42","28,95","91,95K","1,80%"
"19.06.2018","28,85","29,48","29,59","27,79","109,92K","-2,43%"
"18.06.2018","29,57","29,53","29,65","29,39","46,40K","0,24%"
"15.06.2018","29,50","30,04","30,05","29,45","82,10K","-2,12%"
"14.06.2018","30,14","30,08","30,20","29,78","60,81K","0,20%"
"13.06.2018","30,08","30,09","30,23","30,01","78,74K","0,10%"
"12.06.2018","30,05","30,60","30,73","30,02","92,64K","-1,73%"
"11.06.2018","30,58","30,41","30,69","30,40","59,84K","0,20%"
"08.06.2018","30,52","30,57","30,67","30,27","86,75K","-0,26%"
"07.06.2018","30,60","30,62","30,82","30,57","68,40K","-0,16%"
"06.06.2018","30,65","30,74","30,92","30,63","56,47K","-0,45%"
"05.06.2018","30,79","30,93","31,00","30,71","56,30K","-0,45%"
"04.06.2018","30,93","31,19","31,27","30,81","66,36K","-0,83%"
"01.06.2018","31,19","31,14","31,50","31,14","69,78K","0,22%"
"31.05.2018","31,12","31,50","31,65","31,07","59,97K","-1,14%"
"30.05.2018","31,48","31,21","31,54","31,12","59,98K","0,87%"
"29.05.2018","31,21","31,30","31,46","31,04","48,02K","-0,29%"
"28.05.2018","31,30","31,30","31,30","31,30","-","-0,13%"
"25.05.2018","31,34","31,68","31,73","31,25","45,97K","-1,17%"
"24.05.2018","31,71","31,61","32,05","31,60","51,35K","0,03%"
"23.05.2018","31,70","31,51","31,85","31,44","59,02K","0,60%"
"22.05.2018","31,51","31,42","31,80","31,38","53,85K","0,29%"
"21.05.2018","31,42","31,18","31,44","31,09","52,38K","1,19%"
"20.05.2018","31,05","31,05","31,05","31,05","-","0,23%"
"18.05.2018","30,98","30,96","31,41","30,94","64,06K","0,13%"
"17.05.2018","30,94","30,65","31,28","30,60","72,39K","1,14%"
"16.05.2018","30,59","31,05","31,09","30,55","60,77K","-1,70%"
"15.05.2018","31,12","31,34","31,36","31,01","47,44K","0,00%"
"14.05.2018","31,12","31,14","31,14","31,09","0,03K","-0,16%"
"11.05.2018","31,17","31,00","31,19","30,96","0,18K","0,61%"
"10.05.2018","30,98","30,90","31,00","30,80","0,29K","0,36%"
"09.05.2018","30,87","30,89","30,89","30,85","0,38K","1,25%"
"08.05.2018","30,49","30,56","30,68","30,45","0,09K","-0,59%"
"07.05.2018","30,67","30,51","30,70","30,51","0,41K","-0,03%"
"06.05.2018","30,68","30,68","30,68","30,68","-","0,39%"
"04.05.2018","30,56","30,35","30,66","30,31","0,51K","-0,07%"
"03.05.2018","30,58","30,36","30,62","30,20","0,50K","0,69%"
"02.05.2018","30,37","30,24","30,45","30,24","1,43K","0,96%"
"01.05.2018","30,08","30,49","30,49","29,95","1,64K","-0,89%"
"30.04.2018","30,35","30,43","30,55","30,32","5,94K","-0,26%"
"27.04.2018","30,43","30,78","30,81","30,25","30,37K","-1,23%"
"26.04.2018","30,81","30,79","30,92","30,74","42,62K","0,06%"
"25.04.2018","30,79","31,00","31,07","30,73","50,34K","-0,71%"
"24.04.2018","31,01","31,07","31,29","30,95","41,93K","-0,10%"
"23.04.2018","31,04","31,26","31,40","30,89","60,79K","-0,80%"
"22.04.2018","31,29","31,29","31,29","31,29","-","-0,03%"
"20.04.2018","31,30","31,42","31,49","31,25","62,39K","-0,35%"
"19.04.2018","31,41","31,41","31,57","31,33","34,22K","-0,06%"
"18.04.2018","31,43","31,25","31,43","31,16","51,06K","0,77%"
"17.04.2018","31,19","31,27","31,41","31,16","47,94K","0,03%"
"16.04.2018","31,18","31,48","31,58","31,14","56,19K","-0,95%"
"13.04.2018","31,48","31,68","31,81","31,44","38,00K","-0,47%"
"12.04.2018","31,63","31,53","31,73","31,40","53,51K","0,32%"
"11.04.2018","31,53","31,85","31,92","31,44","90,56K","-1,00%"
"10.04.2018","31,85","31,49","31,89","31,44","94,96K","1,05%"
"09.04.2018","31,52","31,53","31,75","31,29","89,32K","-0,03%"
"06.04.2018","31,53","31,63","31,77","31,46","52,43K","-0,79%"
"05.04.2018","31,78","31,78","31,82","31,52","62,85K","0,32%"
"04.04.2018","31,68","32,34","32,43","31,37","80,15K","-2,04%"
"03.04.2018","32,34","32,01","32,73","31,95","97,08K","0,94%"
"02.04.2018","32,04","32,03","32,24","31,90","44,34K","0,53%"
"29.03.2018","31,87","31,62","32,15","31,42","71,90K","0,79%"
"28.03.2018","31,62","31,58","31,89","31,40","49,12K","0,13%"
"27.03.2018","31,58","31,46","31,64","31,35","41,86K","0,38%"
"26.03.2018","31,46","31,50","31,73","31,39","48,81K","0,13%"
"23.03.2018","31,42","31,86","31,98","31,37","76,29K","-1,44%"
"22.03.2018","31,88","32,35","32,41","31,71","62,23K","-1,51%"
"21.03.2018","32,37","31,71","32,50","31,62","80,92K","1,98%"
"20.03.2018","31,74","32,06","32,15","31,52","55,56K","-1,00%"
"19.03.2018","32,06","32,06","32,12","31,72","53,56K","0,25%"
"16.03.2018","31,98","32,08","32,28","31,85","61,28K","-0,25%"
"15.03.2018","32,06","31,73","32,15","31,64","77,28K","0,88%"
"14.03.2018","31,78","31,78","31,78","31,78","0,02K","-0,75%"
"13.03.2018","32,02","32,02","31,92","32,02","0,04K","1,46%"
"12.03.2018","31,56","31,42","31,43","31,42","0,02K","0,45%"
"09.03.2018","31,42","31,47","31,53","31,28","0,05K","-0,79%"
"08.03.2018","31,67","31,81","31,86","31,72","0,03K","-0,81%"
"07.03.2018","31,93","32,19","32,19","31,88","0,11K","-1,15%"
"06.03.2018","32,30","32,26","32,31","32,06","0,22K","0,91%"
"05.03.2018","32,01","32,15","32,25","31,97","1,01K","-0,16%"
"02.03.2018","32,06","32,09","32,63","32,05","0,64K","-0,19%"
"01.03.2018","32,12","32,04","32,30","31,66","2,90K","0,50%"
"28.02.2018","31,96","32,22","32,40","31,94","7,91K","-0,71%"
"27.02.2018","32,19","32,62","32,65","32,14","41,41K","-1,32%"
"26.02.2018","32,62","32,36","32,72","32,36","65,57K","0,80%"
"23.02.2018","32,36","32,10","32,55","32,05","45,89K","1,00%"
"22.02.2018","32,04","32,09","32,18","31,90","37,83K","-0,09%"
"21.02.2018","32,07","31,85","32,26","31,73","68,37K","0,66%"
"20.02.2018","31,86","31,64","31,89","31,42","64,71K","1,17%"
"19.02.2018","31,49","31,49","31,49","31,49","-","0,00%"
"18.02.2018","31,49","31,49","31,49","31,49","-","-0,16%"
"16.02.2018","31,54","31,78","31,84","31,48","62,08K","-0,50%"
"15.02.2018","31,70","31,80","31,97","31,60","71,83K","-0,31%"
"14.02.2018","31,80","31,56","31,86","31,42","63,51K","0,73%"
"13.02.2018","31,57","31,83","32,01","31,40","125,19K","-0,88%"
"12.02.2018","31,85","32,15","32,36","31,81","99,13K","-0,34%"
"09.02.2018","31,96","32,25","32,53","31,94","84,52K","-0,78%"
"08.02.2018","32,21","32,71","32,71","32,19","91,19K","-1,07%"
"07.02.2018","32,56","33,20","33,29","32,49","125,00K","-1,81%"
"06.02.2018","33,16","32,53","33,31","32,36","96,35K","2,03%"
"05.02.2018","32,50","32,52","32,79","32,39","58,25K","-0,06%"
"04.02.2018","32,52","32,52","32,52","32,52","-","0,03%"
"02.02.2018","32,51","32,90","32,92","32,48","53,76K","-1,19%"
"01.02.2018","32,90","33,00","33,20","32,83","74,71K","-0,51%"
"31.01.2018","33,07","33,11","33,14","32,92","58,08K","-0,03%"
"30.01.2018","33,08","32,97","33,11","32,62","61,96K","0,64%"
"29.01.2018","32,87","32,90","32,97","32,72","45,14K","0,24%"
"26.01.2018","32,79","32,59","32,92","32,50","48,23K","0,89%"
"25.01.2018","32,50","32,70","32,85","32,46","57,55K","-0,55%"
"24.01.2018","32,68","32,53","32,80","32,52","66,38K","0,49%"
"23.01.2018","32,52","32,22","32,66","32,17","62,15K","1,12%"
"22.01.2018","32,16","32,30","32,46","32,10","52,80K","-0,37%"
"19.01.2018","32,28","32,28","32,35","32,12","50,65K","0,16%"
"18.01.2018","32,23","32,49","32,68","32,21","59,54K","-0,86%"
"17.01.2018","32,51","32,77","32,83","32,41","50,88K","-0,85%"
"16.01.2018","32,79","33,25","33,34","32,69","59,70K","-0,43%"
"12.01.2018","32,93","32,93","33,00","32,76","0,04K","-0,12%"
"11.01.2018","32,97","33,32","33,32","33,04","0,04K","-0,96%"
"10.01.2018","33,29","33,61","33,62","33,16","0,16K","-0,77%"
"09.01.2018","33,55","33,43","33,60","33,31","0,32K","0,36%"
"08.01.2018","33,43","33,51","33,69","33,28","0,68K","-0,65%"
"05.01.2018","33,65","33,73","33,86","33,66","0,54K","-0,27%"
"04.01.2018","33,74","33,70","33,75","33,58","0,52K","-0,06%"
"03.01.2018","33,76","33,38","33,75","33,38","0,68K","1,14%"
"02.01.2018","33,38","33,37","33,41","33,08","2,96K","0,91%"