Fecha,cierre,apertura,max,min,vol,var
2021-04-15,54.48,54.38,54.77,54.12,NA,0.44
2021-04-14,54.24,53.03,54.58,52.99,48.59,2.28
2021-04-13,53.03,51.45,53.45,51.45,48.02,3.07
2021-04-12,51.45,52.71,52.8,50.96,58.8,-2.43
2021-04-11,52.73,52.7,52.82,52.7,NA,-0.23
2021-04-09,52.85,53.68,54.14,52.7,48.31,-0.99
2021-04-08,53.38,52.85,53.74,52.58,47.81,1
2021-04-07,52.85,54.19,54.44,52.4,45.4,-1.98
2021-04-06,53.92,52.93,54.63,52.83,43.54,2.1
2021-04-05,52.81,52.55,53.15,52.34,32.35,0.28
2021-04-04,52.66,52.66,52.66,52.66,NA,1.02
2021-04-01,52.13,52.92,53.29,51.73,42.44,-1.49
2021-03-31,52.92,50.49,52.96,50.22,60.31,4.88
2021-03-30,50.46,52.96,53.19,50.46,48.33,-4.72
2021-03-29,52.96,52.44,54.03,52,67.48,1.05
2021-03-28,52.41,52.44,52.44,52.41,NA,-0.13
2021-03-26,52.48,54.55,55.45,52.48,75.53,-4.55
2021-03-25,54.98,57.48,57.51,54.98,69.38,-4.35
2021-03-24,57.48,57,57.85,56.5,46.78,0.81
2021-03-23,57.02,57.56,58.25,56.45,79.75,1.15
2021-03-22,56.37,53.9,56.37,53.26,66.92,4.7
2021-03-21,53.84,53.81,53.98,53.81,NA,-0.06
2021-03-19,53.87,53.21,54.11,52.97,53.7,0.65
2021-03-18,53.52,54.74,54.81,53.15,69.26,-1.98
2021-03-17,54.6,55.2,55.67,54.27,50.94,-0.89
2021-03-16,55.09,55.17,55.59,54.24,55.51,0
2021-03-15,55.09,55.36,55.75,55,51.5,-0.45
2021-04-14,54.32,53.12,54.58,53,NA,2.43
2021-03-14,55.34,55.34,55.34,55.34,NA,-2.72
2021-03-12,56.89,54.79,55.59,53.95,NA,0.76
2021-03-11,56.46,56.08,56.87,56.05,0.02,1.99
2021-03-10,55.36,54.92,55.42,54.5,0.05,0.38
2021-03-09,55.15,54.86,54.86,54.86,0.04,2.02
2021-03-08,54.06,54.22,54.4,53.94,0.08,1.27
2021-03-05,53.38,52.57,53.59,52.57,0.02,1.91
2021-03-04,52.38,52.11,53.25,52.07,0.27,2.01
2021-03-03,51.35,51.53,51.53,50.94,0.21,0.16
2021-03-02,51.27,50.35,51.4,50.35,0.64,0.98
2021-03-01,50.77,51.75,51.75,50.59,0.59,-1.11
2021-02-26,51.34,50.7,51.5,50,2.59,0.75
2021-02-25,50.96,51.14,52.13,50.26,14.71,-0.35
2021-02-24,51.14,49.29,51.54,49.02,31.34,3.82
2021-02-23,49.26,48,49.53,47.71,35.39,2.84
2021-02-22,47.9,47.86,48.09,47.31,33.84,2.02
2021-02-21,46.95,47.05,47.05,46.95,NA,-1.26
2021-02-19,47.55,46.91,47.85,46.56,44.39,1.36
2021-02-18,46.91,46.84,47.18,46.36,48.37,0.3
2021-02-17,46.77,47.33,47.64,46.55,49.95,-1.06
2021-02-16,47.27,46.59,47.56,46.58,54.51,2.23
2021-02-15,46.24,46.2,46.26,46.2,NA,0
2021-02-14,46.24,46.24,46.24,46.24,NA,0.43
2021-02-12,46.04,45.63,46.24,45.58,40.46,0.9
2021-02-11,45.63,45.69,46.28,45.1,61.88,-0.13
2021-02-10,45.69,46.58,46.66,45.51,69.33,-1.78
2021-02-09,46.52,45.67,46.67,45.6,75.31,1.95
2021-02-08,45.63,44.89,45.77,44.66,64.6,2.17
2021-02-05,44.66,44.83,45.18,44.54,56.29,-0.62
2021-02-04,44.94,44.48,45.22,44.19,45.98,1.03
2021-02-03,44.48,44.4,44.57,43.33,55.33,0.36
2021-02-02,44.32,45.4,45.47,44.23,51.94,-1.45
2021-02-01,44.97,44.75,45.38,44.13,58.45,0.78
2021-01-29,44.62,44.76,45.58,44.23,70.63,-0.07
2021-01-28,44.65,44.57,45.33,44.01,70.06,0.29
2021-01-27,44.52,44.07,45.43,44.06,66.29,1.39
2021-01-26,43.91,43.09,44.23,42.65,55.18,2.26
2021-01-25,42.94,42.15,43.68,41.92,67.11,1.75
2021-01-24,42.2,42.2,42.2,42.2,NA,-0.17
2021-01-22,42.27,43.3,43.46,42.08,66.91,-2.67
2021-01-21,43.43,42.52,43.53,42.32,55.11,2.09
2021-01-20,42.54,41.72,42.67,41.03,65.62,2.01
2021-01-19,41.7,41.99,42.31,41.01,67.08,-1.21
2021-01-17,42.21,42.17,42.23,42.17,NA,0.86
2021-01-15,41.85,43.17,43.32,41.48,79.73,-3.28
2021-01-14,43.27,42.19,43.22,41.3,0.03,1.38
2021-01-13,42.68,43.62,44.02,42.93,0.2,-1.04
2021-01-12,43.13,43.26,43.27,43.01,0.05,0
2021-01-11,43.13,43.9,43.97,42.93,0.15,-1.42
2021-01-10,43.75,43.72,43.75,43.72,NA,-0.02
2021-01-08,43.76,44.6,44.67,43.89,0.21,-1.33
2021-01-07,44.35,44.5,44.55,43.65,0.35,-0.09
2021-01-06,44.39,44.87,45.27,44.38,0.52,0.07
2021-01-05,44.36,43.3,44.64,43.1,0.55,3.33
2021-01-04,42.93,43.63,44.36,42.5,0.95,1.13
2021-01-03,42.45,42.53,42.53,42.41,NA,0.02
2021-01-01,42.44,42.44,42.44,42.44,NA,-2.05
2020-12-31,43.33,42.7,43.55,42.61,1.09,1.55
2020-12-30,42.67,42.55,42.78,41.97,8.5,0.45
2020-12-29,42.48,41.72,42.68,41.32,13.9,1.82
2020-12-28,41.72,42.06,42.06,41.26,16.6,0.77
2020-12-27,41.4,41.4,41.4,41.4,NA,-1.05
2020-12-24,41.84,41.35,42.01,41.34,10.92,1.19
2020-12-23,41.35,40.65,41.83,40.43,31.15,1.97
2020-12-22,40.55,39.96,40.75,39.64,39.85,1.48
2020-12-21,39.96,40.07,40.21,39.07,44.33,0.53
2020-12-20,39.75,39.68,39.75,39.68,NA,-0.8
2020-12-18,40.07,39.93,40.28,39.69,49.8,0.35
2020-12-17,39.93,39.05,39.96,38.92,65.16,2.25
2020-12-16,39.05,39.27,39.35,38.83,48.89,-0.36
2020-12-15,39.19,38.81,39.27,38.27,57.66,-2.29
2020-12-14,40.11,40.1,40.11,40.1,0,1.34
2020-12-11,39.58,39.25,39.79,39.25,0.14,1.59
2020-12-10,38.96,39.33,39.34,39,0.02,0.52
2020-12-09,38.76,38.56,38.77,38.4,0.02,1.25
2020-12-08,38.28,38.75,38.75,38.2,0.08,-1.52
2020-12-07,38.87,39.19,39.19,38.73,0.13,1.01
2020-12-06,38.48,38.44,38.48,38.44,NA,-1.81
2020-12-04,39.19,38.61,39.3,38.6,0.19,1.32
2020-12-03,38.68,37.81,38.72,37.81,0.62,3.23
2020-12-02,37.47,37.4,37.53,36.83,1.36,0.19
2020-12-01,37.4,38.01,38.33,37.4,0.39,-1.27
2020-11-30,37.88,38.91,39,37.69,1.55,-2.12
2020-11-27,38.7,38.4,38.99,38.35,7.96,1.36
2020-11-25,38.18,38.38,38.68,38.05,24.73,0.32
2020-11-24,38.06,38.66,38.67,37.59,34.1,-1.27
2020-11-23,38.55,39.16,39.2,38.44,38.8,-0.28
2020-11-20,38.66,38.96,39.32,38.3,46.48,-0.39
2020-11-19,38.81,38.45,38.96,37.99,57.22,0.91
2020-11-18,38.46,37.53,38.74,37.43,57.53,2.56
2020-11-17,37.5,37.46,37.93,37.29,50.12,0.19
2020-11-16,37.43,37.17,37.58,36.77,51.3,0.84
2020-11-15,37.12,37.12,37.12,37.12,NA,-0.03
2020-11-13,37.13,37,37.5,36.6,49.46,0.22
2020-11-12,37.05,37.14,37.24,36.67,66.01,-0.22
2020-11-11,37.13,36.13,37.32,36.07,79.65,2.97
2020-11-10,36.06,35.56,36.1,35.19,90.77,1.63
2020-11-09,35.48,35.49,36.15,35.16,71.07,0
2020-11-08,35.48,35.45,35.48,35.43,NA,0.4
2020-11-06,35.34,35.47,35.79,35.09,56.97,-0.37
2020-11-05,35.47,34.4,35.72,34.36,72.61,3.14
2020-11-04,34.39,33.7,34.48,33.34,64.09,1.81
2020-11-03,33.78,33.19,33.97,33.18,55.43,1.78
2020-11-02,33.19,33.48,33.61,33.02,58.87,-1.07
2020-11-01,33.55,33.7,33.7,33.55,NA,-0.18
2020-10-30,33.61,33.07,33.7,32.92,69.85,1.66
2020-10-29,33.06,33.42,33.56,32.86,66.82,-1.08
2020-10-28,33.42,34.11,34.11,33.2,81.02,-2.02
2020-10-27,34.11,34.36,34.7,34.03,58.34,-1.02
2020-10-26,34.46,34.16,34.82,34.01,74.67,0.91
2020-10-25,34.15,34.15,34.15,34.15,NA,0.12
2020-10-23,34.11,33.89,34.2,33.46,62.1,1.25
2020-10-22,33.69,33.2,33.86,32.66,76.32,1.48
2020-10-21,33.2,33.45,33.83,33.11,55.43,-0.33
2020-10-20,33.31,32.52,33.43,32.31,60.39,2.4
2020-10-19,32.53,33.04,33.12,32.28,53.62,-1.33
2020-10-18,32.97,32.97,32.97,32.97,NA,-0.06
2020-10-16,32.99,33.17,33.65,32.9,57.7,-0.54
2020-10-15,33.17,33.89,34.09,32.82,64.25,-1.63
2020-10-14,33.72,33.58,34.16,33.4,0,0
2020-10-13,33.72,33.28,34.32,33.25,0.11,1.75
2020-10-12,33.14,34.02,34.02,33.28,0.04,-2.96
2020-10-11,34.15,34.34,34.34,34.15,NA,0
2020-10-09,34.15,34.24,34.24,34.24,0.02,2.74
2020-10-08,33.24,33.3,33.3,33.26,0.04,-0.21
2020-10-07,33.31,33.12,33.62,33.1,0.08,0.06
2020-10-06,33.29,33.4,33.45,33.22,0.14,1.46
2020-10-05,32.81,32.1,32.8,32.1,0.08,3.8
2020-10-04,31.61,31.61,31.61,31.61,NA,-1.03
2020-10-02,31.94,32.7,32.7,31.81,0.16,-2.17
2020-10-01,32.65,33.45,33.49,32.51,0.22,-2.16
2020-09-30,33.37,32.87,33.52,32.45,1.5,1.52
2020-09-29,32.87,33.23,33.34,32.5,7.08,-1.26
2020-09-28,33.29,32.77,33.34,32.56,12.08,1.56
2020-09-27,32.78,32.78,32.78,32.78,NA,-0.18
2020-09-25,32.84,32.41,33.05,32.22,15.63,1.48
2020-09-24,32.36,32.7,32.7,32.02,12.78,-1.01
2020-09-23,32.69,33.74,33.79,32.66,19.49,-2.91
2020-09-22,33.67,34.3,34.5,33.57,16.36,-1.75
2020-09-21,34.27,35.17,35.45,34.24,10.91,-2.36
2020-09-20,35.1,35.15,35.15,35.1,NA,-0.37
2020-09-18,35.23,34.91,35.51,34.68,16.06,0.92
2020-09-17,34.91,34.94,35.2,34.71,12.91,-0.09
2020-09-16,34.94,34.11,35.09,33.91,19.62,2.52
2020-09-15,34.08,34.34,34.63,33.96,9.8,-0.58
2020-09-14,34.28,33.56,34.56,33.51,0.06,1.51
2020-09-13,33.77,33.77,33.77,33.77,NA,0.09
2020-09-11,33.74,33.33,33.36,33.3,0.11,1.84
2020-09-10,33.13,33.18,33.2,33.18,0.32,-0.24
2020-09-09,33.21,33.28,33.29,33.28,0.06,-1.07
2020-09-08,33.57,33.08,33.56,33.08,0.11,1.48
2020-09-04,33.08,33.43,33.5,33.05,0.11,-1.17
2020-09-03,33.47,33.97,34.03,33.29,0.56,-0.59
2020-09-02,33.67,33.1,33.65,33.03,0.21,1.66
2020-09-01,33.12,33,33.35,33,0.94,0.49
2020-08-31,32.96,33.63,34.22,32.96,2.32,-1.08
2020-08-30,33.32,33.32,33.32,33.32,NA,-0.21
2020-08-28,33.39,33.42,33.72,32.76,13.03,0.24
2020-08-27,33.31,32.27,33.62,32.2,27.12,3.32
2020-08-26,32.24,31.99,32.45,31.98,18.99,0.81
2020-08-25,31.98,31.66,32.13,31.51,16.47,1.01
2020-08-24,31.66,31.45,31.81,31.29,16.24,-0.16
2020-08-23,31.71,31.67,31.71,31.67,NA,0.96
2020-08-21,31.41,31.2,31.45,31.08,10.56,0.35
2020-08-20,31.3,31.67,31.7,31.17,12.28,-1.17
2020-08-19,31.67,31.56,31.9,31.46,12.28,0.28
2020-08-18,31.58,31.22,31.63,31.16,14.67,0.89
2020-08-17,31.3,31.11,31.58,31.1,17.6,0.38
2020-08-16,31.18,31.16,31.23,31.16,NA,-1.11
2020-08-14,31.53,31.11,31.3,30.93,NA,-0.22
2020-08-13,31.6,31.75,31.92,31.75,0.01,-1.25
2020-08-12,32,31.62,31.62,31.62,0,3.03
2020-08-11,31.06,31.19,31.19,31.09,0.02,-0.42
2020-08-10,31.19,31.27,31.36,31.27,0.03,1.43
2020-08-09,30.75,30.78,30.78,30.75,NA,-1.91
2020-08-07,31.35,31.03,31.46,31.03,0.11,-0.54
2020-08-06,31.52,31.49,31.86,31.46,0.11,-0.57
2020-08-05,31.7,31.7,31.7,31.37,0.26,0.54
2020-08-04,31.53,31.67,31.67,31.38,0.31,-0.44
2020-08-03,31.67,30.9,31.74,30.9,1.09,2.46
2020-08-02,30.91,30.91,30.91,30.91,NA,0
2020-07-31,30.91,30.26,30.94,30.21,1.72,3.1
2020-07-30,29.98,29.82,30.23,29.59,8.04,1.04
2020-07-29,29.67,29.4,29.78,29.31,32.54,0.85
2020-07-28,29.42,29.47,29.5,29.04,29.7,-0.61
2020-07-27,29.6,29.69,29.95,29.36,30.93,-0.27
2020-07-26,29.68,29.68,29.68,29.68,NA,-0.4
2020-07-24,29.8,29.76,30.06,29.58,24.34,0.03
2020-07-23,29.79,29.93,30.2,29.62,15.49,-0.47
2020-07-22,29.93,29.91,30.44,29.6,22.91,-0.47
2020-07-21,30.07,29.86,30.21,29.75,23.79,0.47
2020-07-20,29.93,30.1,30.44,29.81,25.86,-0.43
2020-07-19,30.06,29.96,30.06,29.96,NA,0.47
2020-07-17,29.92,29.27,30,29.26,34.21,2.22
2020-07-16,29.27,28.8,29.4,28.75,29.02,1.63
2020-07-15,28.8,28.46,28.83,28.46,34.51,1.12
2020-07-14,28.48,28.09,28.61,27.78,0.25,1.82
2020-07-13,27.97,27.88,27.88,27.76,0.06,-0.43
2020-07-12,28.09,28.23,28.26,28.09,NA,-0.07
2020-07-10,28.11,28.18,28.52,28.03,0,-0.28
2020-07-09,28.19,28.57,28.77,28.23,0.1,-0.95
2020-07-08,28.46,28.78,28.82,28.46,0.41,-1.04
2020-07-07,28.76,28.27,28.8,28.27,0.15,1.2
2020-07-06,28.42,28.07,28.52,28.07,0.24,0.92
2020-07-05,28.16,28.07,28.16,28.07,NA,0.72
2020-07-02,27.96,28.21,28.45,27.91,0.95,-0.89
2020-07-01,28.21,27.89,28.25,27.89,1.26,0.82
2020-06-30,27.98,27.62,28.31,27.4,3.33,1.3
2020-06-29,27.62,27.21,27.72,26.89,33.07,1.54
2020-06-28,27.2,27.22,27.22,27.2,NA,0
2020-06-26,27.2,27.56,27.8,27.11,52.88,-1.23
2020-06-25,27.54,27.64,27.67,27.36,51.36,-0.4
2020-06-24,27.65,28.19,28.28,27.62,45.78,-1.85
2020-06-23,28.17,28.35,28.42,27.89,52.51,-0.63
2020-06-22,28.35,28.52,28.63,28.31,32.82,-0.6
2020-06-19,28.52,28.14,28.68,28.01,56.98,1.64
2020-06-18,28.06,28.06,28.2,27.81,45.22,-0.14
2020-06-17,28.1,27.96,28.27,27.75,50.63,0.39
2020-06-16,27.99,27.8,28.28,27.76,67.21,0.9
2020-06-15,27.74,27.4,27.77,27.01,57.07,1.13
2020-06-14,27.43,27.52,27.52,27.41,NA,-0.25
2020-06-12,27.5,27.5,27.78,27.3,60.83,0
2020-06-11,27.5,28.06,28.13,27.46,66.95,-1.79
2020-06-10,28,28.24,28.47,27.91,58.89,-0.81
2020-06-09,28.23,28.02,28.36,27.94,61.11,0.46
2020-06-08,28.1,28.27,28.36,27.98,52.59,-0.53
2020-06-07,28.25,28.27,28.27,28.25,NA,0.39
2020-06-05,28.14,27.72,28.4,27.67,70.34,1.15
2020-06-04,27.82,27.84,27.86,27.5,47.72,-0.14
2020-06-03,27.86,27.97,28.2,27.78,46.15,-0.29
2020-06-02,27.94,27.6,28.01,27.48,54.44,1.23
2020-06-01,27.6,27.36,27.8,27.12,66.2,0.88
2020-05-31,27.36,27.36,27.36,27.36,NA,-0.07
2020-05-29,27.38,27.35,27.51,27.14,52.73,-0.04
2020-05-28,27.39,27.57,27.66,26.99,54.81,-0.76
2020-05-27,27.6,27.22,27.74,27.06,64.37,1.21
2020-05-26,27.27,26.74,27.36,26.71,60.35,2.02
2020-05-25,26.73,26.73,26.73,26.73,NA,0.34
2020-05-22,26.64,27.14,27.14,26.58,52.64,-1.73
2020-05-21,27.11,27.25,27.55,27.05,54.53,-0.91
2020-05-20,27.36,27.07,27.4,26.92,50.47,1
2020-05-19,27.09,27.33,27.56,26.95,53.68,-0.84
2020-05-18,27.32,26.61,27.4,26.61,57.35,2.48
2020-05-17,26.66,26.66,26.66,26.66,NA,0.3
2020-05-15,26.58,26.18,26.65,26.17,45.57,2.55
2020-05-14,25.92,25.93,26.3,25.7,0.06,1.13
2020-05-13,25.63,25.94,25.94,25.94,0.01,-1.35
2020-05-12,25.98,26.05,26.09,25.93,0.13,-0.8
2020-05-11,26.19,26.03,26.18,26.03,0.12,-1.58
2020-05-10,26.61,26.61,26.61,26.61,NA,1.45
2020-05-08,26.23,26.35,26.35,26.25,0.06,1.12
2020-05-07,25.94,25.81,26.05,25.79,0.12,1.65
2020-05-06,25.52,25.82,25.82,25.5,0.25,-1.73
2020-05-05,25.97,25.95,26.2,25.94,0.6,0.66
2020-05-04,25.8,25.91,25.91,25.48,0.92,-0.5
2020-05-03,25.93,27.12,27.12,25.93,NA,-0.8
2020-05-01,26.14,26.21,26.21,25.72,2.73,-0.34
2020-04-30,26.23,25.84,26.4,25.81,3.62,1.75
2020-04-29,25.78,25.3,25.88,25.22,27.29,1.9
2020-04-28,25.3,24.98,25.32,24.84,41.43,1.24
2020-04-27,24.99,25.03,25.15,24.64,51.79,-0.24
2020-04-26,25.05,24.98,25.05,24.93,NA,0
2020-04-24,25.05,25.69,25.88,24.75,46.17,-2.19
2020-04-23,25.61,25.58,26.29,25.57,36.67,0.16
2020-04-22,25.57,25.18,25.99,25.06,28.09,0.87
2020-04-21,25.35,25.91,25.97,24.78,45.89,-2.42
2020-04-20,25.98,26.35,26.38,25.88,39.63,-1.4
2020-04-19,26.35,26.35,26.35,26.35,NA,0.23
2020-04-17,26.29,26.3,26.61,26.23,25.35,-0.04
2020-04-16,26.3,26.68,26.79,26.23,41.08,-0.94
2020-04-15,26.55,26.64,26.9,26.24,55.97,-0.71
2020-04-14,26.74,26.95,27.11,26.62,86.13,-0.59
2020-04-13,26.9,27.57,27.8,26.76,47.48,-1.86
2020-04-10,27.41,27.41,27.41,27.41,NA,0
2020-04-09,27.41,27.27,27.75,27.15,56.77,0.85
2020-04-08,27.18,27.48,27.57,27.06,50.73,-1.09
2020-04-07,27.48,26.87,27.7,26.78,56.08,2.42
2020-04-06,26.83,26.43,26.94,26.2,44.53,1.51
2020-04-05,26.43,26.46,26.47,26.43,NA,0
2020-04-03,26.43,26.25,26.62,26.13,53.12,0.72
2020-04-02,26.24,26.05,26.83,25.82,55.35,0.73
2020-04-01,26.05,26.85,26.97,25.82,58.51,-3.55
2020-03-31,27.01,26.86,27.15,26.68,41.76,0.52
2020-03-30,26.87,26.83,27.38,26.62,47.32,0.3
2020-03-29,26.79,26.79,26.79,26.79,NA,-0.22
2020-03-27,26.85,26.49,26.96,26.33,NA,1.32
2020-03-26,26.5,26.64,26.77,26.23,NA,-0.53
2020-03-25,26.64,26.49,27.04,26.12,NA,0.34
2020-03-24,26.55,26.07,26.63,25.95,NA,1.57
2020-03-23,26.14,25.5,26.21,25.25,NA,3.08
2020-03-22,25.36,25.37,25.37,25.36,NA,-1.09
2020-03-20,25.64,25.76,26.26,25.41,NA,0.63
2020-03-19,25.48,25.35,25.73,24.85,NA,1.76
2020-03-18,25.04,25.35,25.94,24.68,73.85,-0.79
2020-03-17,25.24,25.01,25.9,24.97,88.79,1
2020-03-16,24.99,26.06,26.5,24.91,88.3,-3.96
2020-03-15,26.02,26.02,26.02,26.02,NA,-0.34
2020-03-13,26.11,25.65,26.37,25.65,0.05,-0.31
2020-03-12,26.19,27.54,27.55,26.17,NA,-4.07
2020-03-11,27.3,0,27.51,27.4,0.03,-1.59
2020-03-10,27.74,27.71,28.19,27.42,NA,1.57
2020-03-09,27.31,27.83,27.88,26.91,0.51,-3.4
2020-03-08,28.27,28.27,28.27,28.27,NA,-0.74
2020-03-06,28.48,29.08,29.08,28.3,0.11,-2.13
2020-03-05,29.1,29.72,29.73,29.16,0.26,-1.15
2020-03-04,29.44,29.05,29.51,29.05,0.31,2.08
2020-03-03,28.84,28.71,29.04,28.71,0.78,0.95
2020-03-02,28.57,28.36,28.82,28.36,1.46,0.92
2020-02-28,28.31,28.68,28.83,28.02,7.26,-1.8
2020-02-27,28.83,29.03,29.31,28.63,36.24,-0.83
2020-02-26,29.07,29.2,29.37,28.89,53.97,-0.55
2020-02-25,29.23,29.43,29.58,29.06,32,-0.88
2020-02-24,29.49,30.32,30.37,29.34,65.47,-3.75
2020-02-21,30.64,30.1,30.69,30.06,52.04,1.73
2020-02-20,30.12,30.22,30.43,30.04,62.83,-0.73
2020-02-19,30.34,30.47,30.52,29.78,71.72,-0.46
2020-02-18,30.48,30.71,30.77,30.33,64.63,-0.49
2020-02-17,30.63,30.63,30.63,30.63,NA,0
2020-02-16,30.63,30.63,30.64,30.63,NA,0.2
2020-02-14,30.57,30.72,31.02,30.53,39.23,-0.49
2020-02-13,30.72,31,31,30.41,75.2,-1
2020-02-12,31.03,30.75,31.07,30.54,61.91,1.01
2020-02-11,30.72,30.69,30.95,30.4,75.29,0.33
2020-02-10,30.62,31,31.27,30.51,86.7,-1.13
2020-02-07,30.97,31.5,31.5,30.74,83.8,-0.86
2020-02-06,31.24,31.42,31.96,31.15,58.62,-0.26
2020-02-05,31.32,30.83,31.69,30.64,81.15,1.92
2020-02-04,30.73,30.21,31.04,30.16,91.82,1.45
2020-02-03,30.29,29.94,30.42,29.81,103.89,1.17
2020-01-31,29.94,30.78,30.96,29.88,84.58,-2.25
2020-01-30,30.63,31.57,31.67,30.58,76.91,-2.82
2020-01-29,31.52,31.47,32.11,31.32,67.97,0.19
2020-01-28,31.46,31.59,31.63,30.56,87.05,-0.19
2020-01-27,31.52,31.9,31.97,30.72,79.79,-1.56
2020-01-24,32.02,32.54,32.54,31.86,66.46,-1.42
2020-01-23,32.48,33.03,33.05,32.45,58.78,-1.64
2020-01-22,33.02,32.8,33.37,32.61,68.45,0.82
2020-01-21,32.75,33.47,33.61,32.59,78.33,-1.8
2020-01-17,33.35,33.1,33.42,32.75,60.93,0.97
2020-01-16,33.03,33.3,33.45,32.89,69.43,-0.81
2020-01-15,33.3,34.08,34.11,33.25,84.49,-1.04
2020-01-14,33.65,33.33,33.7,33.33,0.14,0.03
2020-01-13,33.64,34.08,34.08,33.68,0.34,-1.26
2020-01-10,34.07,34.44,34.44,34.05,0.58,-0.82
2020-01-09,34.35,34.34,34.57,34.34,1.2,0.23
2020-01-08,34.27,34.5,34.65,34.25,1.18,-0.55
2020-01-07,34.46,34.28,34.46,34.2,1.38,0.64
2020-01-06,34.24,34.65,34.72,34.24,1.66,-2.92
2020-01-05,35.27,35.27,35.27,35.27,NA,1.32
2020-01-03,34.81,35.08,35.12,34.5,2.51,-0.46
2020-01-02,34.97,34.9,35.36,34.88,3.28,0.43
2020-01-01,34.82,34.82,34.82,34.82,NA,0.96
2019-12-31,34.49,35.1,35.1,34.12,5.09,-1.93
2019-12-30,35.17,34.7,35.22,34.66,34.42,0.23
2019-12-29,35.09,35.08,35.09,35.08,NA,1.04
2019-12-27,34.73,34.36,34.89,34.36,42.25,1.02
2019-12-26,34.38,34.15,34.58,34.12,28.47,1.51
2019-12-25,33.87,33.87,33.87,33.87,NA,-0.03
2019-12-24,33.88,33.73,33.96,33.54,24.71,0.3
2019-12-23,33.78,33.97,34.02,33.67,40.22,-0.73
2019-12-22,34.03,34.02,34.03,34.02,NA,0.71
2019-12-20,33.79,33.87,33.99,33.56,63.37,0
2019-12-19,33.79,33.48,34.02,33.28,51.29,1.08
2019-12-18,33.43,33.72,33.8,33.26,65.32,-1.15
2019-12-17,33.82,33.18,34.09,33.18,97.39,2.05
2019-12-16,33.14,32.7,33.2,32.63,63.06,1.63
2019-12-13,32.61,32.23,32.94,32.23,NA,1.81
2019-12-12,32.03,31.64,31.95,31.64,0.12,2.56
2019-12-11,31.23,31.31,31.31,31.2,0.02,-0.76
2019-12-10,31.47,31.17,31.54,31.17,0.64,0.35
2019-12-09,31.36,31.24,31.54,31.21,1.01,1.13
2019-12-06,31.01,30.7,30.94,30.61,1.28,2.38
2019-12-05,30.29,30.55,30.55,30.23,1.5,0.07
2019-12-04,30.27,30,30.32,29.99,3.2,0.93
2019-12-03,29.99,30.03,30.21,29.94,4.26,0.1
2019-12-02,29.96,30.4,30.54,29.94,7.88,-1.54
2019-12-01,30.43,30.43,30.43,30.43,NA,0.03
2019-11-29,30.42,30.47,30.68,30.33,4.48,0.23
2019-11-28,30.35,30.3,30.35,30.3,NA,-0.07
2019-11-27,30.37,30.21,30.43,30.21,22.89,0.5
2019-11-26,30.22,30.46,30.52,30.12,49.6,-0.72
2019-11-25,30.44,30.91,31.1,30.33,56.12,-1.42
2019-11-22,30.88,30.69,31.08,30.64,38.5,0.62
2019-11-21,30.69,31.2,31.25,30.57,62.23,-1.63
2019-11-20,31.2,31,31.39,30.94,67.26,0.78
2019-11-19,30.96,30.64,31.24,30.57,81.33,1.04
2019-11-18,30.64,30.48,30.83,30.45,50.94,0.62
2019-11-17,30.45,30.51,30.51,30.45,NA,0.07
2019-11-15,30.43,30.81,30.84,30.41,56.58,-1.14
2019-11-14,30.78,30.53,30.92,30.46,75.32,0.82
2019-11-13,30.53,31.02,31.22,30.51,83.63,-1.61
2019-11-12,31.03,31.4,31.48,30.88,64.47,-1.24
2019-11-11,31.42,31.5,31.89,31.4,69.13,-0.25
2019-11-08,31.5,31.41,31.75,31.35,71.03,0.22
2019-11-07,31.43,31.75,31.78,31.41,68.93,-1.01
2019-11-06,31.75,31.6,31.84,31.45,63.26,0.57
2019-11-05,31.57,31.81,31.96,31.53,57.26,-0.94
2019-11-04,31.87,31.07,31.9,30.9,73.52,2.64
2019-11-03,31.05,31.07,31.07,31.05,NA,0.06
2019-11-01,31.03,30.78,31.12,30.65,48.4,0.91
2019-10-31,30.75,31.01,31.07,30.57,58.08,-0.74
2019-10-30,30.98,31.05,31.32,30.9,51.7,-0.06
2019-10-29,31,30.78,31.13,30.62,64.41,0.71
2019-10-28,30.78,30.98,31.21,30.61,61.85,-0.58
2019-10-25,30.96,31.39,31.52,30.93,81.89,-1.21
2019-10-24,31.34,30.63,31.42,30.53,78.54,2.49
2019-10-23,30.58,30.84,31,30.48,53.23,-0.88
2019-10-22,30.85,30.42,30.97,30.35,72,1.21
2019-10-21,30.48,30.3,30.54,30.25,45.89,0.4
2019-10-18,30.36,30.45,30.6,30.33,45.42,-0.1
2019-10-17,30.39,30.4,30.71,30.35,43.6,-0.03
2019-10-16,30.4,30.39,30.54,30.25,53.17,0.03
2019-10-15,30.39,29.99,30.76,29.85,102.54,1.64
2019-10-14,29.9,30.04,30.04,30.04,0.07,-0.27
2019-10-11,29.98,29.76,30.09,29.75,NA,0.84
2019-10-10,29.73,29.57,29.99,29.57,NA,0.34
2019-10-09,29.63,29.95,29.95,29.59,0.1,-0.47
2019-10-08,29.77,29.71,29.8,29.71,0.08,-0.8
2019-10-07,30.01,29.99,30.09,29.91,0.26,0.4
2019-10-06,29.89,29.86,29.89,29.86,NA,0.34
2019-10-04,29.79,29.75,29.9,29.59,0.44,-0.03
2019-10-03,29.8,28.95,29.79,28.95,0.62,2.55
2019-10-02,29.06,28.95,29.11,28.95,1.08,0.8
2019-10-01,28.83,28.99,29.17,28.8,1.6,-0.55
2019-09-30,28.99,28.7,29.13,28.68,6.89,1.29
2019-09-27,28.62,29,29.03,28.56,30.66,-1.34
2019-09-26,29.01,28.93,29.16,28.89,32.61,-0.1
2019-09-25,29.04,29.16,29.22,28.84,21.77,-0.55
2019-09-24,29.2,29.11,29.27,28.99,19.32,0.03
2019-09-23,29.19,29.22,29.51,29.11,18.17,-0.31
2019-09-20,29.28,29.81,29.81,29.25,27.61,-1.78
2019-09-19,29.81,29.84,29.91,29.59,14.26,-0.2
2019-09-18,29.87,29.89,30.02,29.76,11.2,0.07
2019-09-17,29.85,30.24,30.26,29.8,14.73,-0.96
2019-09-16,30.14,29.6,30.21,29.46,18.86,4.15
2019-09-13,28.94,28.99,29.02,28.99,0.02,-0.28
2019-09-12,29.02,28.99,29.08,28.92,0.06,1.01
2019-09-11,28.73,28.67,28.7,28.65,0.09,1.23
2019-09-10,28.38,28.33,28.44,28.23,0.08,0.42
2019-09-09,28.26,28.41,28.41,28.09,0.12,-1.15
2019-09-08,28.59,28.63,28.63,28.59,NA,0.39
2019-09-06,28.48,28.49,28.65,28.37,0.47,0.04
2019-09-05,28.47,28.71,28.86,28.33,1.08,-1.11
2019-09-04,28.79,28.74,28.88,28.64,0.69,-0.28
2019-09-03,28.87,28.51,28.9,28.28,1.76,0.1
2019-09-01,28.84,28.84,28.84,28.84,NA,0.7
2019-08-30,28.64,28.53,28.66,28.37,2.39,0.95
2019-08-29,28.37,28.13,28.54,27.91,30.12,0.92
2019-08-28,28.11,28.04,28.17,27.9,34.7,0.36
2019-08-27,28.01,28.4,28.4,27.96,35.16,-1.13
2019-08-26,28.33,28.36,28.62,28.3,25.48,-1.01
2019-08-25,28.62,28.62,28.62,28.62,NA,0.99
2019-08-23,28.34,28.57,28.63,28.18,23.84,-0.7
2019-08-22,28.54,28.74,28.95,28.49,17.7,-0.7
2019-08-21,28.74,28.49,28.83,28.43,19.47,1.09
2019-08-20,28.43,28.71,29.01,28.3,20.38,-0.87
2019-08-19,28.68,29.07,29.14,28.53,15.42,-2.18
2019-08-18,29.32,29.35,29.35,29.3,NA,0.65
2019-08-16,29.13,29.08,29.54,29.07,10.76,0.21
2019-08-15,29.07,29.11,29.4,28.97,12.67,-1.69
2019-08-14,29.57,29.62,29.77,29.45,NA,-0.14
2019-08-13,29.61,30.05,30.25,29.48,NA,-0.1
2019-08-12,29.64,29.36,29.45,29.36,0.03,-1.13
2019-08-11,29.98,29.98,29.98,29.98,NA,1.59
2019-08-09,29.51,29.6,29.6,29.28,0.16,1.9
2019-08-08,28.96,28.19,28.81,28.19,0.1,3.58
2019-08-07,27.96,27.6,27.96,27.51,0.54,1.75
2019-08-06,27.48,27.75,27.97,27.5,1.12,-1.01
2019-08-05,27.76,28.15,28.15,27.68,2.24,-1.53
2019-08-02,28.19,27.67,28.22,27.67,2.08,1.84
2019-08-01,27.68,27.78,28.04,27.5,2.93,-0.25
2019-07-31,27.75,28.31,28.35,27.75,8.11,-1.98
2019-07-30,28.31,28.49,28.57,28.15,38.1,-0.42
2019-07-29,28.43,28.45,28.72,28.37,39.3,-0.14
2019-07-26,28.47,28.5,28.56,28.23,33.58,0.71
2019-07-25,28.27,28.3,28.61,28.26,26.26,-0.11
2019-07-24,28.3,27.97,28.55,27.97,37.36,1.04
2019-07-23,28.01,27.78,28.07,27.74,21.18,1.01
2019-07-22,27.73,28.18,28.23,27.7,22.24,-1.39
2019-07-21,28.12,28.12,28.12,28.12,NA,0.07
2019-07-19,28.1,27.69,28.19,27.61,25.74,1.66
2019-07-18,27.64,27.61,27.85,27.47,22.96,-0.14
2019-07-17,27.68,27.99,28.24,27.63,28.86,-1.11
2019-07-16,27.99,28.26,28.43,27.91,24.96,-1.03
2019-07-15,28.28,28.37,28.49,28.18,17.2,0.11
2019-07-14,28.25,28.29,28.29,28.25,NA,-0.21
2019-07-12,28.31,28.18,28.41,27.88,NA,0.75
2019-07-11,28.1,28.14,28.23,27.95,NA,0.46
2019-07-10,27.97,28.08,28.08,27.75,0.22,0.32
2019-07-09,27.88,27.86,27.94,27.7,0.48,0.07
2019-07-08,27.86,27.6,27.86,27.58,0.48,1.53
2019-07-05,27.44,28.03,28.03,27.42,0.66,-2.07
2019-07-03,28.02,27.71,28.06,27.71,1.68,1.3
2019-07-02,27.66,28.13,28.19,27.65,3.1,-1.14
2019-07-01,27.98,28.27,28.53,28,2.84,-0.92
2019-06-28,28.24,27.85,28.31,27.77,6.74,1.55
2019-06-27,27.81,27.89,28.04,27.65,40.83,0
2019-06-26,27.81,28.02,28.1,27.77,39.52,-0.68
2019-06-25,28,28.51,28.63,27.95,50.66,-1.23
2019-06-24,28.35,28.53,28.57,28.25,50.42,-0.49
2019-06-23,28.49,28.55,28.55,28.49,NA,0.18
2019-06-21,28.44,28.59,28.72,28.41,40.65,-0.52
2019-06-20,28.59,28.26,28.65,28.1,57.09,0.78
2019-06-19,28.37,28.36,28.56,28.16,66.63,0.14
2019-06-18,28.33,28.35,28.54,28.08,75.67,0.68
2019-06-17,28.14,27.91,28.26,27.74,56.68,1.74
2019-06-16,27.66,27.66,27.66,27.66,NA,0.18
2019-06-14,27.61,28.1,28.13,27.59,86.47,-1.46
2019-06-13,28.02,27.58,28.07,27.5,70.11,1.67
2019-06-12,27.56,27.26,27.64,26.93,64.73,1.25
2019-06-11,27.22,27.38,27.52,27.19,68.07,-0.58
2019-06-10,27.38,27.38,27.59,27.18,47.61,0
2019-06-07,27.38,27.81,27.87,27.31,59.59,-1.37
2019-06-06,27.76,27.22,27.86,27.07,72.12,1.98
2019-06-05,27.22,27.61,27.62,27.11,48.19,-0.98
2019-06-04,27.49,27.6,27.73,27.38,52.76,0.55
2019-06-03,27.34,27.59,27.59,27.01,60.99,-0.91
2019-05-31,27.59,27.8,27.83,27.46,67.72,-0.68
2019-05-30,27.78,27.89,27.92,27.42,68.29,0.18
2019-05-29,27.73,27.29,28.23,27.26,100.81,1.61
2019-05-28,27.29,27.3,27.5,27.18,59.75,1.07
2019-05-27,27,27,27,27,NA,0
2019-05-26,27,27,27,27,NA,-0.04
2019-05-24,27.01,26.93,27.17,26.79,43.06,0.86
2019-05-23,26.78,27.23,27.31,26.74,56.42,-1.94
2019-05-22,27.31,27.17,27.42,26.99,50.36,0.63
2019-05-21,27.14,27.53,27.79,27.1,63.95,-1.31
2019-05-20,27.5,27.26,27.67,27.26,45.4,1.03
2019-05-17,27.22,27.8,27.8,27.11,72.2,-1.8
2019-05-16,27.72,27.24,27.75,27.23,55.23,1.76
2019-05-15,27.24,27.01,27.5,26.9,65.24,1.15
2019-05-14,26.93,26.59,27.14,26.59,NA,2.2
2019-05-13,26.35,26.11,26.38,26.03,0.03,-0.57
2019-05-10,26.5,26.37,26.44,26.22,0.2,0.61
2019-05-09,26.34,26.42,26.46,26.29,0.16,-1.39
2019-05-08,26.71,26.76,26.76,26.47,0.8,-0.37
2019-05-07,26.81,26.97,26.97,26.8,0.61,-0.11
2019-05-06,26.84,26.63,26.9,26.3,0.68,-1.83
2019-05-05,27.34,27.31,27.34,27.31,NA,1
2019-05-03,27.07,27.12,27.21,27.08,1.48,-0.59
2019-05-02,27.23,27.42,27.42,26.91,2.17,-0.55
2019-05-01,27.38,27.69,27.69,27.29,4.33,-0.73
2019-04-30,27.58,27.87,28.02,27.55,6.77,-1.08
2019-04-29,27.88,27.57,27.96,27.42,38.43,1.31
2019-04-26,27.52,27.6,27.64,27.2,57.58,-0.43
2019-04-25,27.64,27.91,28,27.57,37.96,-1
2019-04-24,27.92,28.12,28.24,27.88,40.86,-0.5
2019-04-23,28.06,28.69,28.75,27.99,64.57,-2.23
2019-04-22,28.7,28.8,28.84,28.62,68.3,-0.38
2019-04-21,28.81,28.81,28.81,28.81,NA,0
2019-04-19,28.81,28.81,28.81,28.81,NA,0.03
2019-04-18,28.8,28.47,28.83,28.4,66.95,1.19
2019-04-17,28.46,28.72,28.94,28.45,77.77,-0.91
2019-04-16,28.72,28.75,28.79,28.59,46.33,-0.31
2019-04-15,28.81,28.93,29.01,28.76,52.3,-0.48
2019-04-14,28.95,28.96,28.96,28.95,NA,0
2019-04-12,28.95,28.97,29.13,28.9,32.05,-0.1
2019-04-11,28.98,29.02,29.07,28.87,76.06,-0.31
2019-04-10,29.07,29.02,29.11,28.81,50.38,0.1
2019-04-09,29.04,28.92,29.14,28.78,76.91,0.55
2019-04-08,28.88,29.15,29.15,28.78,66.49,-1.1
2019-04-07,29.2,29.15,29.2,29.15,NA,0.17
2019-04-05,29.15,29.2,29.4,29.06,56.59,-0.17
2019-04-04,29.2,28.74,29.25,28.74,71.7,1.39
2019-04-03,28.8,28.94,29.07,28.74,44.2,-0.55
2019-04-02,28.96,28.57,28.98,28.53,51.14,1.37
2019-04-01,28.57,28.37,28.63,28.37,59.96,0.74
2019-03-29,28.36,28.62,28.72,28.34,55.08,-0.94
2019-03-28,28.63,28.83,28.84,28.6,42.91,-0.66
2019-03-27,28.82,28.65,28.84,28.52,69.92,0.59
2019-03-26,28.65,28.82,28.85,28.58,54.62,-0.59
2019-03-25,28.82,28.65,28.89,28.54,51.17,0.56
2019-03-22,28.66,29.12,29.19,28.6,65.57,-1.51
2019-03-21,29.1,29.32,29.47,29.08,50.88,-0.58
2019-03-20,29.27,29.29,29.4,29.2,47.99,0.1
2019-03-19,29.24,29.51,29.51,29.15,51.39,-0.68
2019-03-18,29.44,29.47,29.53,29.28,37.85,-0.03
2019-03-17,29.45,29.45,29.45,29.45,NA,0.07
2019-03-15,29.43,29.57,29.69,29.38,58.46,-0.34
2019-03-14,29.53,29.92,30,29.52,NA,-1.27
2019-03-13,29.91,29.98,30.04,29.71,NA,0.44
2019-03-12,29.78,29.47,29.65,29.47,0.32,1.29
2019-03-11,29.4,29.41,29.5,29.27,0.49,0.03
2019-03-08,29.39,29.3,29.3,29.22,0.69,-0.07
2019-03-07,29.41,29.55,29.55,29.25,0.54,-0.34
2019-03-06,29.51,29.74,29.8,29.5,1.29,-0.74
2019-03-05,29.73,29.85,29.85,29.54,1.26,-0.17
2019-03-04,29.78,29.99,30.08,29.8,1.76,-0.57
2019-03-01,29.95,29.96,30.32,29.87,3.77,-0.03
2019-02-28,29.96,29.86,30.03,29.82,5.21,0.54
2019-02-27,29.8,30.12,30.19,29.76,26.24,-0.96
2019-02-26,30.09,30.44,30.44,29.83,43.39,-0.89
2019-02-25,30.36,30.62,30.81,30.32,56.06,-1.27
2019-02-24,30.75,30.75,30.75,30.75,NA,0.79
2019-02-22,30.51,30.48,30.55,30.3,37.58,0.07
2019-02-21,30.49,30,30.66,29.9,68.92,1.77
2019-02-20,29.96,29.74,30.04,29.62,70.88,0.74
2019-02-19,29.74,29.96,30.25,29.71,50.74,-0.77
2019-02-18,29.97,29.98,30.09,29.88,NA,0.03
2019-02-17,29.96,29.96,29.96,29.96,NA,0.03
2019-02-15,29.95,29.87,30.06,29.67,34.42,0.2
2019-02-14,29.89,29.98,30.16,29.81,57.13,-0.33
2019-02-13,29.99,30.27,30.39,29.95,102.01,-1.12
2019-02-12,30.33,30.2,30.47,30.07,73.83,0.3
2019-02-11,30.24,30.86,30.87,30.15,77.72,-2.04
2019-02-10,30.87,30.87,30.87,30.87,NA,0
2019-02-08,30.87,30.84,30.95,30.46,74.34,0.19
2019-02-07,30.81,30.78,31.01,30.68,77.87,-0.29
2019-02-06,30.9,30.37,30.91,30.28,80.54,1.71
2019-02-05,30.38,30.13,30.39,29.94,43.09,0.83
2019-02-04,30.13,29.91,30.16,29.65,51.35,0.9
2019-02-03,29.86,29.86,29.86,29.86,NA,-0.1
2019-02-01,29.89,30.39,30.62,29.81,80.66,-0.93
2019-01-31,30.17,30.41,30.48,30.13,61.89,-0.82
2019-01-30,30.42,30.12,30.44,30.07,50.55,1.03
2019-01-29,30.11,30.27,30.29,29.98,55.42,-0.63
2019-01-28,30.3,30.02,30.32,29.9,54.25,0.97
2019-01-27,30.01,30.03,30.03,30,NA,-0.07
2019-01-25,30.03,29.55,30.05,29.47,64.81,1.76
2019-01-24,29.51,29.42,29.54,29.17,43.61,0.44
2019-01-23,29.38,29.19,29.42,29.09,55.89,1.1
2019-01-22,29.06,29.19,29.23,28.76,55.91,0.17
2019-01-21,29.01,29,29.01,29,NA,0.21
2019-01-20,28.95,28.95,28.95,28.95,NA,-0.21
2019-01-18,29.01,28.74,29.08,28.66,52.61,0.83
2019-01-17,28.77,28.23,28.79,28.15,47.06,1.91
2019-01-16,28.23,28.32,28.44,28.13,37.45,-0.04
2019-01-15,28.24,28.42,28.52,28.19,49.35,-0.63
2019-01-14,28.42,28.45,28.59,28.16,NA,0.89
2019-01-11,28.17,28.1,28.16,28.1,0.36,0.82
2019-01-10,27.94,28.04,28.04,27.88,0.05,-1.34
2019-01-09,28.32,28.36,28.36,28.32,0.18,0.5
2019-01-08,28.18,28.31,28.36,28.01,0.93,-0.28
2019-01-07,28.26,28.47,28.55,28.26,0.23,-1.33
2019-01-06,28.64,28.64,28.64,28.64,NA,0.81
2019-01-04,28.41,28.22,28.45,28.22,0.66,0.82
2019-01-03,28.18,28.04,28.16,27.98,0.35,1
2019-01-02,27.9,27.62,28.03,27.6,1.97,1.27
2018-12-31,27.55,27.62,27.72,27.52,8.25,-1.47
2018-12-30,27.96,27.96,27.96,27.96,NA,1.6
2018-12-28,27.52,27.34,27.52,27.31,21.53,0.77
2018-12-27,27.31,27.49,27.57,27.27,32.67,-0.18
2018-12-26,27.36,27.78,27.78,27.31,28.58,-1.37
2018-12-24,27.74,27.9,27.97,27.73,20.31,-0.54
2018-12-21,27.89,28.19,28.28,27.8,46.5,-1.1
2018-12-20,28.2,28.5,28.54,28.17,48.42,-0.91
2018-12-19,28.46,28.41,28.82,28.26,54.23,0.18
2018-12-18,28.41,28.2,28.47,28.19,64.52,0.85
2018-12-17,28.17,28.48,28.57,28.15,67.29,-1.12
2018-12-16,28.49,28.49,28.49,28.49,NA,0.14
2018-12-14,28.45,28.69,28.83,28.44,NA,-1.32
2018-12-13,28.83,29.16,29.16,28.7,NA,-1.27
2018-12-12,29.2,28.95,29.23,28.87,NA,1.71
2018-12-11,28.71,28.5,28.72,28.5,0.07,0.67
2018-12-10,28.52,28.59,28.59,28.47,0.64,-0.63
2018-12-09,28.7,28.65,28.7,28.65,NA,0.7
2018-12-07,28.5,28.45,28.63,28.41,0.68,0.11
2018-12-06,28.47,28.49,28.52,28.27,1.27,-0.35
2018-12-05,28.57,28.64,28.71,28.54,1.44,-0.24
2018-12-04,28.64,28.26,28.62,28.17,1.71,1.17
2018-12-03,28.31,28.19,28.28,28.07,2.1,1.76
2018-11-30,27.82,27.74,27.88,27.63,7.29,0.51
2018-11-29,27.68,27.72,27.84,27.59,42.74,-0.18
2018-11-28,27.73,27.17,27.75,27.17,37.17,2.1
2018-11-27,27.16,26.99,27.35,26.95,51.89,0.74
2018-11-26,26.96,27.68,27.76,26.95,71.77,-2.5
2018-11-23,27.65,27.75,27.82,27.55,38.97,-0.54
2018-11-21,27.8,27.36,27.87,27.32,68.67,1.68
2018-11-20,27.34,27.34,27.55,27.17,57.38,0.07
2018-11-19,27.32,27.42,27.47,27.26,70.15,-0.18
2018-11-16,27.37,27.76,27.85,27.29,53.18,-1.16
2018-11-15,27.69,27.58,27.77,27.57,48.16,0.44
2018-11-14,27.57,27.55,27.68,27.39,58.85,0.07
2018-11-13,27.55,27.66,27.81,27.45,56.37,-0.58
2018-11-12,27.71,27.65,27.81,27.6,48.79,0.33
2018-11-09,27.62,28.02,28.06,27.61,92.84,-1.43
2018-11-08,28.02,28.2,28.26,27.76,54.29,-0.64
2018-11-07,28.2,27.91,28.24,27.83,60.89,1.08
2018-11-06,27.9,27.92,28.05,27.77,60.78,0
2018-11-05,27.9,28.22,28.29,27.81,55.45,-1.13
2018-11-04,28.22,28.22,28.22,28.22,NA,0.07
2018-11-02,28.2,28.34,28.56,28.1,50.62,-0.42
2018-11-01,28.32,28.03,28.47,27.89,70.42,1.07
2018-10-31,28.02,28,28.14,27.81,49.3,0.07
2018-10-30,28,27.89,28.04,27.75,51.2,0.39
2018-10-29,27.89,28.22,28.37,27.88,47.81,-1.1
2018-10-28,28.2,28.22,28.22,28.18,NA,0.14
2018-10-26,28.16,28.39,28.46,28.1,48.26,-0.81
2018-10-25,28.39,28.61,28.65,28.29,52.34,-0.77
2018-10-24,28.61,28.72,28.81,28.54,57.04,-0.52
2018-10-23,28.76,29.17,29.19,28.72,42.52,-1.34
2018-10-22,29.15,29.14,29.32,29.06,40.26,0.21
2018-10-21,29.09,29.1,29.1,29.09,NA,-0.17
2018-10-19,29.14,29.17,29.44,28.96,47.67,0.41
2018-10-18,29.02,29.54,29.57,29,48.99,-1.83
2018-10-17,29.56,29.71,29.81,29.53,44.52,-0.34
2018-10-16,29.66,29.8,29.88,29.57,52.22,-0.34
2018-10-15,29.76,29.4,29.78,29.31,48.74,1.09
2018-10-14,29.44,29.4,29.44,29.4,NA,4.81
2018-10-12,28.09,27.51,28.24,26.88,89.03,-2.23
2018-10-11,28.73,28.47,28.69,28.47,0.11,-0.69
2018-10-10,28.93,29.27,29.34,28.85,NA,-0.14
2018-10-09,28.97,28.99,28.99,28.93,0.16,-1.23
2018-10-08,29.33,29.1,29.34,28.91,0.42,-0.1
2018-10-07,29.36,29.43,29.43,29.36,NA,0.96
2018-10-05,29.08,29.14,29.14,29.06,0.39,-0.68
2018-10-04,29.28,29.55,29.66,29.28,1.01,-0.81
2018-10-03,29.52,29.45,29.56,29.34,1,0.54
2018-10-02,29.36,28.96,29.36,28.91,1.8,1.21
2018-10-01,29.01,28.7,29.08,28.52,1.02,0.07
2018-09-30,28.99,28.99,28.99,28.99,NA,1.08
2018-09-28,28.68,28.8,29.11,28.54,1.98,-0.62
2018-09-27,28.86,28.49,28.9,28.38,32.94,1.33
2018-09-26,28.48,28.38,28.62,28.29,47.29,0.39
2018-09-25,28.37,28.23,28.45,28.1,39.42,0.39
2018-09-24,28.26,28.1,28.55,27.89,29.9,-0.25
2018-09-23,28.33,28.36,28.36,28.33,NA,0.85
2018-09-21,28.09,27.6,28.24,27.37,27.52,1.78
2018-09-20,27.6,27.18,27.9,27.08,26.43,1.28
2018-09-19,27.25,27.17,27.28,26.88,17.4,0.48
2018-09-18,27.12,27.43,27.46,27.09,12.17,-1.13
2018-09-17,27.43,27.51,27.63,27.37,5.5,-1.22
2018-09-16,27.77,27.76,27.8,27.73,NA,-0.04
2018-09-14,27.78,27.8,27.95,27.65,NA,1.24
2018-09-13,27.44,27.57,27.67,27.57,0.29,-1.89
2018-09-12,27.97,28.06,28.11,27.64,NA,0.87
2018-09-11,27.73,27.84,27.86,27.76,0.58,-1.07
2018-09-10,28.03,27.9,28.03,27.9,0.69,-0.78
2018-09-09,28.25,28.27,28.27,28.22,NA,1.11
2018-09-07,27.94,28.1,28.1,27.86,0.92,-0.78
2018-09-06,28.16,28.15,28.25,28.1,0.93,-0.07
2018-09-05,28.18,28.37,28.37,28.1,1.84,-0.74
2018-09-04,28.39,28.4,28.58,28.27,2.11,-1.46
2018-09-03,28.81,28.79,28.83,28.79,NA,0.28
2018-08-31,28.73,29.1,29.13,27.57,295.55,1.59
2018-08-30,28.28,28,28.31,27.95,14.81,0.89
2018-08-29,28.03,28.19,28.32,28,23.12,-0.53
2018-08-28,28.18,28.37,28.57,28.12,27.8,-0.67
2018-08-27,28.37,28.12,28.51,27.91,32.69,0.78
2018-08-24,28.15,28.03,28.48,28.01,24.69,0.43
2018-08-23,28.03,28.25,28.25,27.96,14.17,-0.67
2018-08-22,28.22,28.54,28.61,28.14,18,-1.29
2018-08-21,28.59,28.46,28.76,28.27,20.22,0.18
2018-08-20,28.54,28.4,28.61,28.32,9.88,1.1
2018-08-17,28.23,28.15,28.4,28.07,9.11,0.28
2018-08-16,28.15,27.88,28.25,27.8,12.48,0.97
2018-08-15,27.88,28.26,28.29,27.74,18.24,-0.75
2018-08-14,28.09,28.06,28.07,28.06,0.14,-0.53
2018-08-13,28.24,27.94,28.15,27.94,0.04,0.89
2018-08-10,27.99,28.5,28.51,27.97,0.15,-1.51
2018-08-09,28.42,28.44,28.46,28.38,0.28,-0.11
2018-08-08,28.45,28.59,28.72,28.39,1.3,-0.49
2018-08-07,28.59,28.35,28.56,28.35,0.89,1.06
2018-08-06,28.29,28.37,28.38,28.21,1.07,-0.21
2018-08-03,28.35,28.2,28.37,28.03,1.81,0.82
2018-08-02,28.12,28.39,28.54,27.96,3,-1.16
2018-08-01,28.45,28.68,28.68,28.49,2.91,-0.97
2018-07-31,28.73,28.35,28.81,28.32,8.55,1.48
2018-07-30,28.31,28.54,28.66,28.25,40.13,-0.88
2018-07-27,28.56,28.15,28.58,28.11,41.33,1.46
2018-07-26,28.15,28.43,28.69,28.11,30.24,-0.92
2018-07-25,28.41,28.25,28.47,28.17,22.2,0.6
2018-07-24,28.24,27.98,28.28,27.86,12.58,0.97
2018-07-23,27.97,28.24,28.31,27.96,17.3,-1.06
2018-07-22,28.27,28.27,28.27,28.27,NA,0.18
2018-07-20,28.22,27.83,28.27,27.71,25.01,1.4
2018-07-19,27.83,28.08,28.12,27.71,20.35,-0.86
2018-07-18,28.07,27.73,28.1,27.73,22.16,1.23
2018-07-17,27.73,27.77,27.91,27.57,19.61,0.33
2018-07-16,27.64,27.95,27.97,27.59,14.91,-0.93
2018-07-13,27.9,28.33,28.34,27.52,NA,-0.96
2018-07-12,28.17,28.29,28.3,28.26,0.68,-0.56
2018-07-11,28.33,28.85,28.85,28.43,1.41,-1.9
2018-07-10,28.88,28.72,28.84,28.72,1.79,0.49
2018-07-09,28.74,28.86,28.86,28.73,1.9,-0.55
2018-07-06,28.9,28.4,28.88,28.36,2.61,1.51
2018-07-05,28.47,28.62,28.62,28.45,3.46,-0.52
2018-07-03,28.62,28.81,28.85,28.58,4.32,-0.52
2018-07-02,28.77,29.1,29.13,28.72,4.71,-1.2
2018-06-29,29.12,28.95,29.38,28.89,4.89,0.38
2018-06-28,29.01,28.9,29.27,28.86,28.87,0
2018-06-27,29.01,28.91,29.18,28.89,52.46,0.24
2018-06-26,28.94,28.9,29.19,28.89,47.91,0
2018-06-25,28.94,29.22,29.27,28.91,42.92,-0.92
2018-06-22,29.21,29.2,29.46,29.18,51.39,0.07
2018-06-21,29.19,29.37,29.45,29.01,76.96,-0.61
2018-06-20,29.37,29,29.42,28.95,91.95,1.8
2018-06-19,28.85,29.48,29.59,27.79,109.92,-2.43
2018-06-18,29.57,29.53,29.65,29.39,46.4,0.24
2018-06-15,29.5,30.04,30.05,29.45,82.1,-2.12
2018-06-14,30.14,30.08,30.2,29.78,60.81,0.2
2018-06-13,30.08,30.09,30.23,30.01,78.74,0.1
2018-06-12,30.05,30.6,30.73,30.02,92.64,-1.73
2018-06-11,30.58,30.41,30.69,30.4,59.84,0.2
2018-06-08,30.52,30.57,30.67,30.27,86.75,-0.26
2018-06-07,30.6,30.62,30.82,30.57,68.4,-0.16
2018-06-06,30.65,30.74,30.92,30.63,56.47,-0.45
2018-06-05,30.79,30.93,31,30.71,56.3,-0.45
2018-06-04,30.93,31.19,31.27,30.81,66.36,-0.83
2018-06-01,31.19,31.14,31.5,31.14,69.78,0.22
2018-05-31,31.12,31.5,31.65,31.07,59.97,-1.14
2018-05-30,31.48,31.21,31.54,31.12,59.98,0.87
2018-05-29,31.21,31.3,31.46,31.04,48.02,-0.29
2018-05-28,31.3,31.3,31.3,31.3,NA,-0.13
2018-05-25,31.34,31.68,31.73,31.25,45.97,-1.17
2018-05-24,31.71,31.61,32.05,31.6,51.35,0.03
2018-05-23,31.7,31.51,31.85,31.44,59.02,0.6
2018-05-22,31.51,31.42,31.8,31.38,53.85,0.29
2018-05-21,31.42,31.18,31.44,31.09,52.38,1.19
2018-05-20,31.05,31.05,31.05,31.05,NA,0.23
2018-05-18,30.98,30.96,31.41,30.94,64.06,0.13
2018-05-17,30.94,30.65,31.28,30.6,72.39,1.14
2018-05-16,30.59,31.05,31.09,30.55,60.77,-1.7
2018-05-15,31.12,31.34,31.36,31.01,47.44,0
2018-05-14,31.12,31.14,31.14,31.09,0.03,-0.16
2018-05-11,31.17,31,31.19,30.96,0.18,0.61
2018-05-10,30.98,30.9,31,30.8,0.29,0.36
2018-05-09,30.87,30.89,30.89,30.85,0.38,1.25
2018-05-08,30.49,30.56,30.68,30.45,0.09,-0.59
2018-05-07,30.67,30.51,30.7,30.51,0.41,-0.03
2018-05-06,30.68,30.68,30.68,30.68,NA,0.39
2018-05-04,30.56,30.35,30.66,30.31,0.51,-0.07
2018-05-03,30.58,30.36,30.62,30.2,0.5,0.69
2018-05-02,30.37,30.24,30.45,30.24,1.43,0.96
2018-05-01,30.08,30.49,30.49,29.95,1.64,-0.89
2018-04-30,30.35,30.43,30.55,30.32,5.94,-0.26
2018-04-27,30.43,30.78,30.81,30.25,30.37,-1.23
2018-04-26,30.81,30.79,30.92,30.74,42.62,0.06
2018-04-25,30.79,31,31.07,30.73,50.34,-0.71
2018-04-24,31.01,31.07,31.29,30.95,41.93,-0.1
2018-04-23,31.04,31.26,31.4,30.89,60.79,-0.8
2018-04-22,31.29,31.29,31.29,31.29,NA,-0.03
2018-04-20,31.3,31.42,31.49,31.25,62.39,-0.35
2018-04-19,31.41,31.41,31.57,31.33,34.22,-0.06
2018-04-18,31.43,31.25,31.43,31.16,51.06,0.77
2018-04-17,31.19,31.27,31.41,31.16,47.94,0.03
2018-04-16,31.18,31.48,31.58,31.14,56.19,-0.95
2018-04-13,31.48,31.68,31.81,31.44,38,-0.47
2018-04-12,31.63,31.53,31.73,31.4,53.51,0.32
2018-04-11,31.53,31.85,31.92,31.44,90.56,-1
2018-04-10,31.85,31.49,31.89,31.44,94.96,1.05
2018-04-09,31.52,31.53,31.75,31.29,89.32,-0.03
2018-04-06,31.53,31.63,31.77,31.46,52.43,-0.79
2018-04-05,31.78,31.78,31.82,31.52,62.85,0.32
2018-04-04,31.68,32.34,32.43,31.37,80.15,-2.04
2018-04-03,32.34,32.01,32.73,31.95,97.08,0.94
2018-04-02,32.04,32.03,32.24,31.9,44.34,0.53
2018-03-29,31.87,31.62,32.15,31.42,71.9,0.79
2018-03-28,31.62,31.58,31.89,31.4,49.12,0.13
2018-03-27,31.58,31.46,31.64,31.35,41.86,0.38
2018-03-26,31.46,31.5,31.73,31.39,48.81,0.13
2018-03-23,31.42,31.86,31.98,31.37,76.29,-1.44
2018-03-22,31.88,32.35,32.41,31.71,62.23,-1.51
2018-03-21,32.37,31.71,32.5,31.62,80.92,1.98
2018-03-20,31.74,32.06,32.15,31.52,55.56,-1
2018-03-19,32.06,32.06,32.12,31.72,53.56,0.25
2018-03-16,31.98,32.08,32.28,31.85,61.28,-0.25
2018-03-15,32.06,31.73,32.15,31.64,77.28,0.88
2018-03-14,31.78,31.78,31.78,31.78,0.02,-0.75
2018-03-13,32.02,32.02,31.92,32.02,0.04,1.46
2018-03-12,31.56,31.42,31.43,31.42,0.02,0.45
2018-03-09,31.42,31.47,31.53,31.28,0.05,-0.79
2018-03-08,31.67,31.81,31.86,31.72,0.03,-0.81
2018-03-07,31.93,32.19,32.19,31.88,0.11,-1.15
2018-03-06,32.3,32.26,32.31,32.06,0.22,0.91
2018-03-05,32.01,32.15,32.25,31.97,1.01,-0.16
2018-03-02,32.06,32.09,32.63,32.05,0.64,-0.19
2018-03-01,32.12,32.04,32.3,31.66,2.9,0.5
2018-02-28,31.96,32.22,32.4,31.94,7.91,-0.71
2018-02-27,32.19,32.62,32.65,32.14,41.41,-1.32
2018-02-26,32.62,32.36,32.72,32.36,65.57,0.8
2018-02-23,32.36,32.1,32.55,32.05,45.89,1
2018-02-22,32.04,32.09,32.18,31.9,37.83,-0.09
2018-02-21,32.07,31.85,32.26,31.73,68.37,0.66
2018-02-20,31.86,31.64,31.89,31.42,64.71,1.17
2018-02-19,31.49,31.49,31.49,31.49,NA,0
2018-02-18,31.49,31.49,31.49,31.49,NA,-0.16
2018-02-16,31.54,31.78,31.84,31.48,62.08,-0.5
2018-02-15,31.7,31.8,31.97,31.6,71.83,-0.31
2018-02-14,31.8,31.56,31.86,31.42,63.51,0.73
2018-02-13,31.57,31.83,32.01,31.4,125.19,-0.88
2018-02-12,31.85,32.15,32.36,31.81,99.13,-0.34
2018-02-09,31.96,32.25,32.53,31.94,84.52,-0.78
2018-02-08,32.21,32.71,32.71,32.19,91.19,-1.07
2018-02-07,32.56,33.2,33.29,32.49,125,-1.81
2018-02-06,33.16,32.53,33.31,32.36,96.35,2.03
2018-02-05,32.5,32.52,32.79,32.39,58.25,-0.06
2018-02-04,32.52,32.52,32.52,32.52,NA,0.03
2018-02-02,32.51,32.9,32.92,32.48,53.76,-1.19
2018-02-01,32.9,33,33.2,32.83,74.71,-0.51
2018-01-31,33.07,33.11,33.14,32.92,58.08,-0.03
2018-01-30,33.08,32.97,33.11,32.62,61.96,0.64
2018-01-29,32.87,32.9,32.97,32.72,45.14,0.24
2018-01-26,32.79,32.59,32.92,32.5,48.23,0.89
2018-01-25,32.5,32.7,32.85,32.46,57.55,-0.55
2018-01-24,32.68,32.53,32.8,32.52,66.38,0.49
2018-01-23,32.52,32.22,32.66,32.17,62.15,1.12
2018-01-22,32.16,32.3,32.46,32.1,52.8,-0.37
2018-01-19,32.28,32.28,32.35,32.12,50.65,0.16
2018-01-18,32.23,32.49,32.68,32.21,59.54,-0.86
2018-01-17,32.51,32.77,32.83,32.41,50.88,-0.85
2018-01-16,32.79,33.25,33.34,32.69,59.7,-0.43
2018-01-12,32.93,32.93,33,32.76,0.04,-0.12
2018-01-11,32.97,33.32,33.32,33.04,0.04,-0.96
2018-01-10,33.29,33.61,33.62,33.16,0.16,-0.77
2018-01-09,33.55,33.43,33.6,33.31,0.32,0.36
2018-01-08,33.43,33.51,33.69,33.28,0.68,-0.65
2018-01-05,33.65,33.73,33.86,33.66,0.54,-0.27
2018-01-04,33.74,33.7,33.75,33.58,0.52,-0.06
2018-01-03,33.76,33.38,33.75,33.38,0.68,1.14
2018-01-02,33.38,33.37,33.41,33.08,2.96,0.91
2017-12-29,33.08,32.48,33.16,32.44,5.24,1.78
2017-12-28,32.5,33.05,33.12,32.32,26.15,-1.72
2017-12-27,33.07,33.24,33.45,33.01,34.79,-0.39
2017-12-26,33.2,32.81,33.33,32.81,30.18,1.41
2017-12-22,32.74,32.65,32.86,32.52,30.39,0.21
2017-12-21,32.67,32.96,33.01,32.51,59.16,-0.88
2017-12-20,32.96,33.24,33.48,32.89,62.29,-0.78
2017-12-19,33.22,33.14,33.31,33.05,42.58,0.61
2017-12-18,33.02,33.22,33.4,33,42.8,-0.42
2017-12-15,33.16,33.16,33.66,32.97,66.68,0.42
2017-12-14,33.02,32.97,32.97,32.92,0.06,-0.27
2017-12-13,33.11,33.12,33.15,33,0.07,-0.75
2017-12-12,33.36,33.33,33.55,33.17,0.08,-0.12
2017-12-11,33.4,33.38,33.51,33.31,0.24,-0.42
2017-12-08,33.54,33.16,33.49,32.99,0.46,0.87
2017-12-07,33.25,33.1,33.26,32.81,0.65,0.48
2017-12-06,33.09,33.34,33.5,33.03,0.72,-0.96
2017-12-05,33.41,33.34,33.44,33.25,3.47,0.15
2017-12-04,33.36,33.85,33.86,33.36,1.1,-0.71
2017-12-01,33.6,33.86,33.94,33.56,2.42,-0.44
2017-11-30,33.75,33.95,34.56,33.6,5.87,-0.59
2017-11-29,33.95,33.91,34.03,33.64,20.48,-0.15
2017-11-28,34,33.6,34.01,33.53,48.37,1.19
2017-11-27,33.6,33.98,34.17,33.44,66.56,-1
2017-11-24,33.94,34.06,34.08,33.68,55.09,-0.24
2017-11-23,34.02,34.01,34.02,34.01,NA,-0.09
2017-11-22,34.05,34.17,34.48,33.96,44.42,-0.35
2017-11-21,34.17,33.96,34.35,33.9,47.24,0.65
2017-11-20,33.95,34.38,34.42,33.69,61.66,-1.42
2017-11-17,34.44,34.52,34.65,34.15,55.06,0.03
2017-11-16,34.43,34.69,34.85,34.38,54.59,-0.92
2017-11-15,34.75,34.04,34.77,34.01,69.32,2.18
2017-11-14,34.01,34.33,34.4,34.01,51.58,-0.93
2017-11-13,34.33,34.82,34.83,34.28,73.93,-1.38
2017-11-10,34.81,35.07,35.16,34.77,47.06,-0.94
2017-11-09,35.14,35.38,35.44,35.05,73.3,-0.65
2017-11-08,35.37,34.97,35.4,34.92,58.52,1
2017-11-07,35.02,34.66,35.12,34.61,73.82,0.84
2017-11-06,34.73,34.4,34.99,34.26,54,0.9
2017-11-03,34.42,34.85,34.86,34.27,65.48,-1.26
2017-11-02,34.86,34.83,35.1,34.59,62.48,-0.11
2017-11-01,34.9,34.69,35.05,34.64,62.79,0.43
2017-10-31,34.75,34.68,34.79,34.48,54.15,0.2
2017-10-30,34.68,34.89,35.13,34.41,48.81,-0.46
2017-10-27,34.84,34.5,34.9,34.35,52.46,0.99
2017-10-26,34.5,34.3,34.63,34.29,48.06,0.7
2017-10-25,34.26,34.35,34.69,34.2,77.69,-0.23
2017-10-24,34.34,34.62,34.65,34.3,51.56,-0.84
2017-10-23,34.63,34.16,34.65,34.04,84.21,1.38
2017-10-20,34.16,33.78,34.47,33.72,78.34,0.98
2017-10-19,33.83,33.43,33.87,33.28,52.61,1.26
2017-10-18,33.41,33.59,33.68,33.3,37.29,-0.54
2017-10-17,33.59,33.66,33.74,33.35,36.76,0
2017-10-16,33.59,33.6,33.91,33.55,39.03,0.3
2017-10-13,33.49,33.5,33.52,33.5,NA,1.27
2017-10-12,33.07,33.08,33.17,32.8,0.42,0.49
2017-10-11,32.91,32.79,33.02,32.79,0.08,0.15
2017-10-10,32.86,32.88,32.91,32.82,0.23,-0.48
2017-10-09,33.02,32.81,32.97,32.81,0.22,0.95
2017-10-06,32.71,32.88,32.88,32.59,0.32,-0.18
2017-10-05,32.77,33.11,33.18,32.76,2.13,-0.67
2017-10-04,32.99,32.44,32.9,32.44,0.43,1.48
2017-10-03,32.51,32.35,32.53,32.24,0.77,0.71
2017-10-02,32.28,32.61,32.62,32.07,0.62,-0.89
2017-09-29,32.57,32.59,32.9,32.41,3.91,-0.06
2017-09-28,32.59,33.04,33.04,32.56,34.57,-1.3
2017-09-27,33.02,33.24,33.49,32.9,38.77,-0.63
2017-09-26,33.23,33.78,34.07,33.06,45.11,-1.63
2017-09-25,33.78,33.95,34.05,33.63,29.61,-0.62
2017-09-22,33.99,34.1,34.37,33.92,19.57,-0.32
2017-09-21,34.1,34.75,34.75,34.08,15.27,-1.64
2017-09-20,34.67,34.56,34.81,34.38,20.05,0.43
2017-09-19,34.52,34.24,34.63,33.99,14.08,0.97
2017-09-18,34.19,34.5,34.69,34.16,22.48,-1.07
2017-09-15,34.56,34.8,34.95,34.45,11.38,-0.29
2017-09-14,34.66,34.88,34.88,34.72,0.15,-0.17
2017-09-13,34.72,34.84,34.88,34.84,0.33,-0.34
2017-09-12,34.84,34.79,34.96,34.61,1.04,0.14
2017-09-11,34.79,34.59,34.76,34.59,0.94,0.58
2017-09-08,34.59,35,35.07,34.72,1.21,-1.4
2017-09-07,35.08,35.21,35.44,35.06,2.41,-0.37
2017-09-06,35.21,35.22,35.4,34.91,2.86,0.31
2017-09-05,35.1,35.5,35.6,35.01,4.82,-0.59
2017-09-01,35.31,34.73,35.37,34.71,4.87,1.73
2017-08-31,34.71,34.33,34.84,34.25,7.25,1.11
2017-08-30,34.33,34.27,34.53,34.08,22.97,0.15
2017-08-29,34.28,34.59,34.65,34.15,32.06,-0.9
2017-08-28,34.59,34.56,34.9,34.41,31.71,-0.06
2017-08-25,34.61,34.79,34.84,34.44,22.41,-0.49
2017-08-24,34.78,34.69,35.13,34.6,29.95,0.17
2017-08-23,34.72,34.81,35.01,34.36,19.3,1.94
2017-08-22,34.06,33.79,34.18,33.71,17.04,0.77
2017-08-21,33.8,33.6,34.07,33.46,14.31,0.57
2017-08-18,33.61,33.19,33.81,33.13,19.49,1.2
2017-08-17,33.21,32.86,33.34,32.86,15.71,1.1
2017-08-16,32.85,32.76,33,32.62,21.92,0.43
2017-08-15,32.71,33.35,33.41,32.7,34.8,-0.82
2017-08-14,32.98,32.98,32.98,33,0.11,-1.64
2017-08-11,33.53,33.7,33.84,33.59,0.11,-0.62
2017-08-10,33.74,34.38,34.61,33.49,0.11,-1.14
2017-08-09,34.13,33.88,34.06,33.73,0.61,0.98
2017-08-08,33.8,33.81,33.95,33.8,0.17,0.87
2017-08-07,33.51,33.34,33.51,33.26,0.97,-0.27
2017-08-04,33.6,33.37,33.69,33.3,1.15,0.66
2017-08-03,33.38,34.13,34.13,33.24,2.21,-2.25
2017-08-02,34.15,33.88,34.18,33.88,3.35,0.86
2017-08-01,33.86,34.62,34.66,33.81,4.42,-2.45
2017-07-31,34.71,34.7,34.83,34.31,8.13,0.29
2017-07-28,34.61,33.76,35.16,33.55,29.53,2.25
2017-07-27,33.85,33.73,34.2,33.66,37.29,0.36
2017-07-26,33.73,33.49,33.87,33.38,38.91,0.69
2017-07-25,33.5,33.96,34.14,33.45,40.84,-0.33
2017-07-24,33.61,33.6,33.72,33.23,36.81,-0.56
2017-07-21,33.8,33.89,33.96,33.64,17.76,-0.5
2017-07-20,33.97,33.46,34.03,33.42,38.11,1.52
2017-07-19,33.46,33.16,33.69,33.03,17.39,0.87
2017-07-18,33.17,33.11,33.6,33.05,22.42,0.48
2017-07-17,33.01,33.27,33.48,32.97,15.12,-0.15
2017-07-14,33.06,32.93,33.06,32.93,0.14,0.15
2017-07-13,33.01,33.07,33.19,33.06,0.32,-1.26
2017-07-12,33.43,33.5,33.5,33.4,0.65,-0.89
2017-07-11,33.73,33.83,33.83,33.45,0.91,0.33
2017-07-10,33.62,33.21,33.65,33.2,0.52,2.56
2017-07-07,32.78,32.8,33.04,32.59,0.34,-0.15
2017-07-06,32.83,33.05,33.1,32.69,2.45,-0.97
2017-07-05,33.15,33.53,33.53,32.01,1.49,0.06
2017-07-03,33.13,33.42,33.55,33.09,2.95,0.61
2017-06-30,32.93,32.36,33.05,32.3,7.21,1.57
2017-06-29,32.42,32.13,32.69,32.1,33.7,0.93
2017-06-28,32.12,32.07,32.3,31.86,63.19,0.12
2017-06-27,32.08,31.52,32.24,31.52,51.24,1.78
2017-06-26,31.52,31.66,31.8,31.5,46.07,-0.28
2017-06-23,31.61,31.59,31.75,31.4,55.39,0.19
2017-06-22,31.55,31.88,32.04,31.52,60.87,-0.94
2017-06-21,31.85,32.02,32.26,31.71,64.49,-0.53
2017-06-20,32.02,32.82,32.96,31.96,70.92,-2.44
2017-06-19,32.82,33.15,33.38,32.77,52.42,-0.88
2017-06-16,33.11,32.7,33.2,32.61,64.11,1.13
2017-06-15,32.74,32.11,32.82,31.93,73.74,2.03
2017-06-14,32.09,32.09,32.28,31.96,39.02,0
2017-06-13,32.09,31.96,32.24,31.81,62.39,0.47
2017-06-12,31.94,32.35,32.47,31.89,51.09,-1.08
2017-06-09,32.29,31.79,32.34,31.61,103.22,1.38
2017-06-08,31.85,31.33,31.93,31.23,65.43,1.56
2017-06-07,31.36,31.41,31.52,31.18,66.42,-0.1
2017-06-06,31.39,31.31,31.72,31.16,54.52,0.26
2017-06-05,31.31,31.14,31.35,30.89,49.96,0.97
2017-06-02,31.01,31.29,31.41,30.96,55.5,-0.77
2017-06-01,31.25,31.4,31.58,31.18,56.05,-0.29
2017-05-31,31.34,31.42,31.58,31.2,63.15,-0.25
2017-05-30,31.42,31.6,31.73,31.14,63.36,-0.63
2017-05-29,31.62,31.63,31.63,31.62,NA,0.06
2017-05-26,31.6,32.1,32.13,31.55,52.95,-1.37
2017-05-25,32.04,32.28,32.57,32.01,37.33,-0.74
2017-05-24,32.28,32.4,32.57,32.16,44.26,-0.19
2017-05-23,32.34,32.94,33.12,32.3,52.47,-1.82
2017-05-22,32.94,33.13,33.44,32.9,48.13,-0.3
2017-05-19,33.04,32.5,33.08,32.41,49.61,1.85
2017-05-18,32.44,33.15,33.15,32.25,94.35,-2.14
2017-05-17,33.15,33.02,33.39,32.96,41.47,0.42
2017-05-16,33.01,33.04,33.38,32.93,46.77,-0.03
2017-05-15,33.02,32.84,33.3,32.8,44.59,1.2
2017-05-12,32.63,32.63,32.55,32.63,0.07,1.12
2017-05-11,32.27,32.27,32.19,32.27,0.01,0.62
2017-05-10,32.07,32.07,32.07,32.49,0.07,-1.78
2017-05-09,32.65,32.75,32.86,32.73,0.16,-0.24
2017-05-08,32.73,32.73,32.84,32.73,0.18,0.06
2017-05-05,32.71,32.49,33.19,32.3,0.44,1.18
2017-05-04,32.33,32.32,32.69,32.3,1.1,0.03
2017-05-03,32.32,32.26,32.47,32.07,1.55,-0.09
2017-05-02,32.35,31.88,32.54,31.88,0.61,1.44
2017-05-01,31.89,31.8,31.96,31.6,1.92,1.4
2017-04-28,31.45,31.73,31.85,31.36,4.54,-0.79
2017-04-27,31.7,31.93,32.11,31.68,16.71,-0.66
2017-04-26,31.91,31.58,32.24,31.45,49.9,1.04
2017-04-25,31.58,31.64,31.76,31.26,67.09,-0.35
2017-04-24,31.69,32.09,32.35,31.3,48.12,-0.78
2017-04-21,31.94,31.81,32.09,31.67,43.64,0.06
2017-04-20,31.92,31.55,32.02,31.45,45.14,1.08
2017-04-19,31.58,31.3,31.71,30.99,52.67,1.41
2017-04-18,31.14,31.78,31.84,31.06,69.43,-2.08
2017-04-17,31.8,31.3,31.97,31.21,52.56,1.96
2017-04-13,31.19,31.26,31.48,31.16,68.55,-0.16
2017-04-12,31.24,31.13,31.38,30.98,82.22,0.55
2017-04-11,31.07,31.37,31.66,30.86,83.12,-0.89
2017-04-10,31.35,31.6,31.8,31.18,66.02,-0.85
2017-04-07,31.62,31.29,31.67,31.03,74.13,0.8
2017-04-06,31.37,31.87,32.01,31.26,49.85,-1.45
2017-04-05,31.83,31.39,32.01,31.37,57.58,1.27
2017-04-04,31.43,31.49,31.71,31.23,69.84,0.03
2017-04-03,31.42,31.78,32.1,31.35,46.84,-1.13
2017-03-31,31.78,31.91,32.11,31.35,80.32,-0.72
2017-03-30,32.01,32.25,32.32,31.47,71.64,-0.62
2017-03-29,32.21,32.44,32.65,32.17,43.7,-0.8
2017-03-28,32.47,32.32,32.64,32.18,47.03,0.56
2017-03-27,32.29,32.26,32.39,31.65,58.66,0.19
2017-03-24,32.23,33.16,33.29,32.2,68.7,-2.98
2017-03-23,33.22,33.55,33.94,33.13,84.3,-0.89
2017-03-22,33.52,33.15,33.59,32.75,90.76,1.15
2017-03-21,33.14,32.79,33.3,32.59,81.27,1.22
2017-03-20,32.74,32.49,32.89,32.37,57.02,1.36
2017-03-17,32.3,32.27,32.53,32.2,46.07,0.12
2017-03-16,32.26,32.3,32.57,32.11,61.94,0.12
2017-03-15,32.22,32.28,32.69,32.12,52.74,1.16
2017-03-14,31.85,31.87,31.87,31.6,0.21,-0.06
